0.000152,0.000453
0.000152,0.000453
0.000152,0.000453
0.000152,0.000453
0.000152,0.000453
0.000153,0.000455
0.000153,0.000455
0.000153,0.000455
0.000153,0.000455
0.000129,0.000456
0.000129,0.000456
0.000129,0.000456
0.000129,0.000456
0.000129,0.000456
0.000044,0.000454
0.000044,0.000454
0.000044,0.000454
0.000044,0.000454
0.000044,0.000454
-0.000325,0.000435
-0.000325,0.000435
-0.000325,0.000435
-0.000325,0.000435
-0.000605,0.000408
-0.000605,0.000408
-0.000902,0.000369
-0.000902,0.000369
-0.000902,0.000369
-0.000902,0.000369
-0.001189,0.000322
-0.001189,0.000322
-0.001189,0.000322
-0.001189,0.000322
-0.001189,0.000322
-0.001476,0.000264
-0.001476,0.000264
-0.001476,0.000264
-0.001476,0.000264
-0.001476,0.000264
-0.002055,0.000117
-0.002055,0.000117
-0.002055,0.000117
-0.002055,0.000117
-0.002335,0.000028
-0.002335,0.000028
-0.002617,-0.000073
-0.002617,-0.000073
-0.002617,-0.000073
-0.002617,-0.000073
-0.002872,-0.000167
-0.002872,-0.000167
-0.002872,-0.000167
-0.002872,-0.000167
-0.002872,-0.000167
-0.003124,-0.000270
-0.003124,-0.000270
-0.003124,-0.000270
-0.003124,-0.000270
-0.003124,-0.000270
-0.003654,-0.000522
-0.003654,-0.000522
-0.003654,-0.000522
-0.003654,-0.000522
-0.003908,-0.000659
-0.003908,-0.000659
-0.004163,-0.000808
-0.004163,-0.000808
-0.004163,-0.000808
-0.004163,-0.000808
-0.004406,-0.000960
-0.004406,-0.000960
-0.004406,-0.000960
-0.004406,-0.000960
-0.004406,-0.000960
-0.004644,-0.001120
-0.004644,-0.001120
-0.004644,-0.001120
-0.004644,-0.001120
-0.004644,-0.001120
-0.005110,-0.001467
-0.005110,-0.001467
-0.005110,-0.001467
-0.005110,-0.001467
-0.005330,-0.001650
-0.005330,-0.001650
-0.005552,-0.001846
-0.005552,-0.001846
-0.005552,-0.001846
-0.005552,-0.001846
-0.005761,-0.002043
-0.005761,-0.002043
-0.005761,-0.002043
-0.005761,-0.002043
-0.005761,-0.002043
-0.005963,-0.002248
-0.005963,-0.002248
-0.005963,-0.002248
-0.005963,-0.002248
-0.005963,-0.002248
-0.006355,-0.002686
-0.006355,-0.002686
-0.006355,-0.002686
-0.006355,-0.002686
-0.006537,-0.002913
-0.006537,-0.002913
-0.006718,-0.003154
-0.006718,-0.003154
-0.006718,-0.003154
-0.006718,-0.003154
-0.006886,-0.003395
-0.006886,-0.003395
-0.006886,-0.003395
-0.006886,-0.003395
-0.006886,-0.003395
-0.007045,-0.003642
-0.007045,-0.003642
-0.007045,-0.003642
-0.007045,-0.003642
-0.007199,-0.003902
-0.007199,-0.003902
-0.007199,-0.003902
-0.007199,-0.003902
-0.007199,-0.003902
-0.007485,-0.004404
-0.007485,-0.004404
-0.007485,-0.004404
-0.007485,-0.004404
-0.007597,-0.004638
-0.007597,-0.004638
-0.007705,-0.004884
-0.007705,-0.004884
-0.007705,-0.004884
-0.007705,-0.004884
-0.007811,-0.005151
-0.007811,-0.005151
-0.007811,-0.005151
-0.007811,-0.005151
-0.007911,-0.005428
-0.007911,-0.005428
-0.007911,-0.005428
-0.007911,-0.005428
-0.007911,-0.005428
-0.008078,-0.005971
-0.008078,-0.005971
-0.008078,-0.005971
-0.008078,-0.005971
-0.008078,-0.005971
-0.008151,-0.006255
-0.008151,-0.006255
-0.008212,-0.006533
-0.008212,-0.006533
-0.008212,-0.006533
-0.008212,-0.006533
-0.008264,-0.006813
-0.008264,-0.006813
-0.008264,-0.006813
-0.008264,-0.006813
-0.008264,-0.006813
-0.008309,-0.007104
-0.008309,-0.007104
-0.008309,-0.007104
-0.008309,-0.007104
-0.008309,-0.007104
-0.008367,-0.007675
-0.008367,-0.007675
-0.008367,-0.007675
-0.008367,-0.007675
-0.008382,-0.007972
-0.008382,-0.007972
-0.008387,-0.008262
-0.008387,-0.008262
-0.008387,-0.008262
-0.008387,-0.008262
-0.008382,-0.008553
-0.008382,-0.008553
-0.008382,-0.008553
-0.008382,-0.008553
-0.008366,-0.008854
-0.008366,-0.008854
-0.008366,-0.008854
-0.008366,-0.008854
-0.008366,-0.008854
-0.008306,-0.009439
-0.008306,-0.009439
-0.008306,-0.009439
-0.008306,-0.009439
-0.008306,-0.009439
-0.008258,-0.009740
-0.008258,-0.009740
-0.008200,-0.010028
-0.008200,-0.010028
-0.008200,-0.010028
-0.008200,-0.010028
-0.008139,-0.010307
-0.008139,-0.010307
-0.008139,-0.010307
-0.008139,-0.010307
-0.008077,-0.010565
-0.008077,-0.010565
-0.008077,-0.010565
-0.008077,-0.010565
-0.008077,-0.010565
-0.008017,-0.010777
-0.008017,-0.010777
-0.008017,-0.010777
-0.008017,-0.010777
-0.007836,-0.011295
-0.007836,-0.011295
-0.007836,-0.011295
-0.007836,-0.011295
-0.007836,-0.011295
-0.007730,-0.011561
-0.007759,-0.011492
-0.007759,-0.011492
-0.007759,-0.011492
-0.007759,-0.011492
-0.008129,-0.010699
-0.008129,-0.010699
-0.008129,-0.010699
-0.008129,-0.010699
-0.008129,-0.010699
-0.008897,-0.009178
-0.008897,-0.009178
-0.008897,-0.009178
-0.008897,-0.009178
-0.008897,-0.009178
-0.011976,-0.003758
-0.011976,-0.003758
-0.011976,-0.003758
-0.011976,-0.003758
-0.011976,-0.003758
-0.014329,-0.000011
-0.017210,0.004290
-0.017210,0.004290
-0.017210,0.004290
-0.017210,0.004290
-0.020534,0.008953
-0.020534,0.008953
-0.020534,0.008953
-0.020534,0.008953
-0.020534,0.008953
-0.023943,0.013468
-0.023943,0.013468
-0.023943,0.013468
-0.023943,0.013468
-0.027415,0.017899
-0.027415,0.017899
-0.027415,0.017899
-0.027415,0.017899
-0.035121,0.026815
-0.035121,0.026815
-0.035121,0.026815
-0.035121,0.026815
-0.035121,0.026815
-0.039021,0.031120
-0.042856,0.035232
-0.042856,0.035232
-0.042856,0.035232
-0.042856,0.035232
-0.046492,0.039080
-0.046492,0.039080
-0.046492,0.039080
-0.046492,0.039080
-0.046492,0.039080
-0.049726,0.042490
-0.049726,0.042490
-0.049726,0.042490
-0.049726,0.042490
-0.052640,0.045578
-0.052640,0.045578
-0.052640,0.045578
-0.052640,0.045578
-0.052640,0.045578
-0.057194,0.050519
-0.057194,0.050519
-0.057194,0.050519
-0.057194,0.050519
-0.057194,0.050519
-0.059061,0.052627
-0.060634,0.054464
-0.060634,0.054464
-0.060634,0.054464
-0.060634,0.054464
-0.062034,0.056157
-0.062034,0.056157
-0.062034,0.056157
-0.062034,0.056157
-0.062034,0.056157
-0.063359,0.057822
-0.063359,0.057822
-0.063359,0.057822
-0.063359,0.057822
-0.065693,0.060891
-0.065693,0.060891
-0.065693,0.060891
-0.065693,0.060891
-0.065693,0.060891
-0.066716,0.062345
-0.066716,0.062345
-0.067712,0.063854
-0.067712,0.063854
-0.067712,0.063854
-0.067712,0.063854
-0.068890,0.065700
-0.068890,0.065700
-0.068890,0.065700
-0.068890,0.065700
-0.070288,0.068041
-0.070288,0.068041
-0.070288,0.068041
-0.070288,0.068041
-0.070288,0.068041
-0.071859,0.070865
-0.071859,0.070865
-0.071859,0.070865
-0.071859,0.070865
-0.074939,0.076991
-0.074939,0.076991
-0.074939,0.076991
-0.074939,0.076991
-0.074939,0.076991
-0.076515,0.080382
-0.078328,0.084419
-0.078328,0.084419
-0.078328,0.084419
-0.078328,0.084419
-0.080392,0.089151
-0.080392,0.089151
-0.080392,0.089151
-0.080392,0.089151
-0.082535,0.094127
-0.082535,0.094127
-0.082535,0.094127
-0.082535,0.094127
-0.082535,0.094127
-0.084802,0.099413
-0.084802,0.099413
-0.084802,0.099413
-0.084802,0.099413
-0.084802,0.099413
-0.089802,0.111063
-0.089802,0.111063
-0.089802,0.111063
-0.089802,0.111063
-0.092564,0.117606
-0.095609,0.124868
-0.095609,0.124868
-0.095609,0.124868
-0.095609,0.124868
-0.095609,0.124868
-0.098783,0.132373
-0.098783,0.132373
-0.098783,0.132373
-0.098783,0.132373
-0.098783,0.132373
-0.102187,0.140239
-0.102187,0.140239
-0.102187,0.140239
-0.102187,0.140239
-0.109804,0.156951
-0.109804,0.156951
-0.109804,0.156951
-0.109804,0.156951
-0.109804,0.156951
-0.113860,0.165369
-0.118332,0.174351
-0.118332,0.174351
-0.118332,0.174351
-0.118332,0.174351
-0.118332,0.174351
-0.122826,0.183089
-0.122826,0.183089
-0.122826,0.183089
-0.122826,0.183089
-0.127307,0.191584
-0.127307,0.191584
-0.127307,0.191584
-0.127307,0.191584
-0.132004,0.200328
-0.132004,0.200328
-0.132004,0.200328
-0.132004,0.200328
-0.132004,0.200328
-0.141365,0.217607
-0.141365,0.217607
-0.141365,0.217607
-0.141365,0.217607
-0.146222,0.226684
-0.146222,0.226684
-0.150756,0.235275
-0.150756,0.235275
-0.150756,0.235275
-0.150756,0.235275
-0.155137,0.243679
-0.155137,0.243679
-0.155137,0.243679
-0.155137,0.243679
-0.159508,0.252133
-0.159508,0.252133
-0.159508,0.252133
-0.159508,0.252133
-0.159508,0.252133
-0.163659,0.260203
-0.163659,0.260203
-0.163659,0.260203
-0.163659,0.260203
-0.171916,0.276255
-0.171916,0.276255
-0.171916,0.276255
-0.171916,0.276255
-0.171916,0.276255
-0.175913,0.284003
-0.179790,0.291508
-0.179790,0.291508
-0.179790,0.291508
-0.179790,0.291508
-0.183617,0.298902
-0.183617,0.298902
-0.183617,0.298902
-0.183617,0.298902
-0.183617,0.298902
-0.187351,0.306119
-0.187351,0.306119
-0.187351,0.306119
-0.187351,0.306119
-0.187351,0.306119
-0.195002,0.320913
-0.195002,0.320913
-0.195002,0.320913
-0.195002,0.320913
-0.199055,0.328813
-0.199055,0.328813
-0.202965,0.336556
-0.202965,0.336556
-0.202965,0.336556
-0.202965,0.336556
-0.206722,0.344059
-0.206722,0.344059
-0.206722,0.344059
-0.206722,0.344059
-0.210206,0.351032
-0.210206,0.351032
-0.210206,0.351032
-0.210206,0.351032
-0.210206,0.351032
-0.213582,0.357757
-0.213582,0.357757
-0.213582,0.357757
-0.213582,0.357757
-0.213582,0.357757
-0.220266,0.370911
-0.220266,0.370911
-0.220266,0.370911
-0.220266,0.370911
-0.223460,0.377107
-0.226637,0.383219
-0.226637,0.383219
-0.226637,0.383219
-0.226637,0.383219
-0.226637,0.383219
-0.229757,0.389195
-0.229757,0.389195
-0.229757,0.389195
-0.229757,0.389195
-0.233000,0.395436
-0.233000,0.395436
-0.233000,0.395436
-0.233000,0.395436
-0.233000,0.395436
-0.239369,0.407882
-0.239369,0.407882
-0.239369,0.407882
-0.239369,0.407882
-0.242496,0.414056
-0.242496,0.414056
-0.245481,0.419959
-0.245481,0.419959
-0.245481,0.419959
-0.245481,0.419959
-0.245481,0.419959
-0.248184,0.425275
-0.248184,0.425275
-0.248184,0.425275
-0.248184,0.425275
-0.248184,0.425275
-0.250845,0.430439
-0.250845,0.430439
-0.250845,0.430439
-0.250845,0.430439
-0.256150,0.440630
-0.256150,0.440630
-0.256150,0.440630
-0.256150,0.440630
-0.256150,0.440630
-0.258737,0.445565
-0.261327,0.450502
-0.261327,0.450502
-0.261327,0.450502
-0.261327,0.450502
-0.261327,0.450502
-0.263732,0.455098
-0.263732,0.455098
-0.263732,0.455098
-0.263732,0.455098
-0.266117,0.459693
-0.266117,0.459693
-0.266117,0.459693
-0.266117,0.459693
-0.266117,0.459693
-0.270804,0.468712
-0.270804,0.468712
-0.270804,0.468712
-0.270804,0.468712
-0.270804,0.468712
-0.273078,0.473078
-0.275389,0.477508
-0.275389,0.477508
-0.275389,0.477508
-0.275389,0.477508
-0.275389,0.477508
-0.277535,0.481626
-0.277535,0.481626
-0.277535,0.481626
-0.277535,0.481626
-0.279697,0.485780
-0.279697,0.485780
-0.279697,0.485780
-0.279697,0.485780
-0.281894,0.490002
-0.281894,0.490002
-0.281894,0.490002
-0.281894,0.490002
-0.281894,0.490002
-0.286025,0.497936
-0.286025,0.497936
-0.286025,0.497936
-0.286025,0.497936
-0.286025,0.497936
-0.288153,0.502023
-0.290160,0.505875
-0.290160,0.505875
-0.290160,0.505875
-0.290160,0.505875
-0.292088,0.509576
-0.292088,0.509576
-0.292088,0.509576
-0.292088,0.509576
-0.294053,0.513343
-0.294053,0.513343
-0.294053,0.513343
-0.294053,0.513343
-0.294053,0.513343
-0.295930,0.516951
-0.295930,0.516951
-0.295930,0.516951
-0.295930,0.516951
-0.299690,0.524190
-0.299690,0.524190
-0.299690,0.524190
-0.299690,0.524190
-0.299690,0.524190
-0.301512,0.527701
-0.303274,0.531099
-0.303274,0.531099
-0.303274,0.531099
-0.303274,0.531099
-0.305005,0.534435
-0.305005,0.534435
-0.305005,0.534435
-0.305005,0.534435
-0.305005,0.534435
-0.306702,0.537703
-0.306702,0.537703
-0.306702,0.537703
-0.306702,0.537703
-0.310029,0.544106
-0.310029,0.544106
-0.310029,0.544106
-0.310029,0.544106
-0.310029,0.544106
-0.311627,0.547175
-0.311627,0.547175
-0.313190,0.550173
-0.313190,0.550173
-0.313190,0.550173
-0.313190,0.550173
-0.314770,0.553201
-0.314770,0.553201
-0.314770,0.553201
-0.314770,0.553201
-0.314770,0.553201
-0.316306,0.556143
-0.316306,0.556143
-0.316306,0.556143
-0.316306,0.556143
-0.319297,0.561878
-0.319297,0.561878
-0.319297,0.561878
-0.319297,0.561878
-0.319297,0.561878
-0.319297,0.561878
-0.320772,0.564710
-0.320772,0.564710
-0.322428,0.567882
-0.322428,0.567882
-0.322428,0.567882
-0.322428,0.567882
-0.324511,0.571857
-0.324511,0.571857
-0.324511,0.571857
-0.324511,0.571857
-0.326918,0.576419
-0.326918,0.576419
-0.326918,0.576419
-0.326918,0.576419
-0.326918,0.576419
-0.329681,0.581635
-0.329681,0.581635
-0.329681,0.581635
-0.329681,0.581635
-0.336056,0.593747
-0.336056,0.593747
-0.336056,0.593747
-0.336056,0.593747
-0.336056,0.593747
-0.339444,0.600319
-0.343055,0.607445
-0.343055,0.607445
-0.343055,0.607445
-0.343055,0.607445
-0.343055,0.607445
-0.346784,0.614847
-0.346784,0.614847
-0.346784,0.614847
-0.346784,0.614847
-0.350852,0.622901
-0.350852,0.622901
-0.350852,0.622901
-0.350852,0.622901
-0.350852,0.622901
-0.360345,0.641471
-0.360345,0.641471
-0.360345,0.641471
-0.360345,0.641471
-0.365515,0.651529
-0.365515,0.651529
-0.371025,0.662317
-0.371025,0.662317
-0.371025,0.662317
-0.371025,0.662317
-0.376349,0.672914
-0.376349,0.672914
-0.376349,0.672914
-0.376349,0.672914
-0.376349,0.672914
-0.381577,0.683485
-0.381577,0.683485
-0.381577,0.683485
-0.381577,0.683485
-0.386818,0.694220
-0.386818,0.694220
-0.386818,0.694220
-0.386818,0.694220
-0.386818,0.694220
-0.396848,0.714772
-0.396848,0.714772
-0.396848,0.714772
-0.396848,0.714772
-0.396848,0.714772
-0.401854,0.724916
-0.406643,0.734594
-0.406643,0.734594
-0.406643,0.734594
-0.406643,0.734594
-0.411293,0.743996
-0.411293,0.743996
-0.411293,0.743996
-0.411293,0.743996
-0.416013,0.753572
-0.416013,0.753572
-0.416013,0.753572
-0.416013,0.753572
-0.416013,0.753572
-0.420521,0.762748
-0.420521,0.762748
-0.420521,0.762748
-0.420521,0.762748
-0.429462,0.781015
-0.429462,0.781015
-0.429462,0.781015
-0.429462,0.781015
-0.429462,0.781015
-0.433769,0.789840
-0.437954,0.798411
-0.437954,0.798411
-0.437954,0.798411
-0.437954,0.798411
-0.442457,0.807612
-0.442457,0.807612
-0.442457,0.807612
-0.442457,0.807612
-0.442457,0.807612
-0.446815,0.816478
-0.446815,0.816478
-0.446815,0.816478
-0.446815,0.816478
-0.446815,0.816478
-0.454909,0.832876
-0.454909,0.832876
-0.454909,0.832876
-0.454909,0.832876
-0.454909,0.832876
-0.458802,0.840795
-0.462672,0.848680
-0.462672,0.848680
-0.462672,0.848680
-0.462672,0.848680
-0.466574,0.856619
-0.466574,0.856619
-0.466574,0.856619
-0.466574,0.856619
-0.466574,0.856619
-0.470249,0.864085
-0.470249,0.864085
-0.470249,0.864085
-0.470249,0.864085
-0.470249,0.864085
-0.477650,0.879141
-0.477650,0.879141
-0.477650,0.879141
-0.477650,0.879141
-0.481312,0.886566
-0.481312,0.886566
-0.484771,0.893572
-0.484771,0.893572
-0.484771,0.893572
-0.484771,0.893572
-0.488249,0.900632
-0.488249,0.900632
-0.488249,0.900632
-0.488249,0.900632
-0.488249,0.900632
-0.491567,0.907384
-0.491567,0.907384
-0.491567,0.907384
-0.491567,0.907384
-0.494828,0.914033
-0.494828,0.914033
-0.494828,0.914033
-0.494828,0.914033
-0.501242,0.927119
-0.501242,0.927119
-0.501242,0.927119
-0.501242,0.927119
-0.501242,0.927119
-0.504402,0.933569
-0.507603,0.940097
-0.507603,0.940097
-0.507603,0.940097
-0.507603,0.940097
-0.507603,0.940097
-0.510639,0.946275
-0.510639,0.946275
-0.510639,0.946275
-0.510639,0.946275
-0.513618,0.952320
-0.513618,0.952320
-0.513618,0.952320
-0.513618,0.952320
-0.513618,0.952320
-0.519430,0.964153
-0.519430,0.964153
-0.519430,0.964153
-0.519430,0.964153
-0.522229,0.969883
-0.522229,0.969883
-0.525064,0.975689
-0.525064,0.975689
-0.525064,0.975689
-0.525064,0.975689
-0.527757,0.981200
-0.527757,0.981200
-0.527757,0.981200
-0.527757,0.981200
-0.527757,0.981200
-0.530411,0.986624
-0.530411,0.986624
-0.530411,0.986624
-0.530411,0.986624
-0.530411,0.986624
-0.535616,0.997251
-0.535616,0.997251
-0.535616,0.997251
-0.535616,0.997251
-0.538188,1.002502
-0.538188,1.002502
-0.540772,1.007777
-0.540772,1.007777
-0.540772,1.007777
-0.540772,1.007777
-0.543236,1.012809
-0.543236,1.012809
-0.543236,1.012809
-0.543236,1.012809
-0.543236,1.012809
-0.545662,1.017762
-0.545662,1.017762
-0.545662,1.017762
-0.545662,1.017762
-0.545662,1.017762
-0.550427,1.027495
-0.550427,1.027495
-0.550427,1.027495
-0.550427,1.027495
-0.552742,1.032219
-0.552742,1.032219
-0.555112,1.037061
-0.555112,1.037061
-0.555112,1.037061
-0.555112,1.037061
-0.557356,1.041645
-0.557356,1.041645
-0.557356,1.041645
-0.557356,1.041645
-0.557356,1.041645
-0.559540,1.046094
-0.559540,1.046094
-0.559540,1.046094
-0.559540,1.046094
-0.559540,1.046094
-0.563809,1.054807
-0.563809,1.054807
-0.563809,1.054807
-0.563809,1.054807
-0.565870,1.059016
-0.565870,1.059016
-0.567968,1.063298
-0.567968,1.063298
-0.567968,1.063298
-0.567968,1.063298
-0.569971,1.067384
-0.569971,1.067384
-0.569971,1.067384
-0.569971,1.067384
-0.569971,1.067384
-0.571942,1.071407
-0.571942,1.071407
-0.571942,1.071407
-0.571942,1.071407
-0.571942,1.071407
-0.575798,1.079274
-0.575798,1.079274
-0.575798,1.079274
-0.575798,1.079274
-0.577707,1.083171
-0.577707,1.083171
-0.579621,1.087077
-0.579621,1.087077
-0.579621,1.087077
-0.579621,1.087077
-0.581449,1.090807
-0.581449,1.090807
-0.581449,1.090807
-0.581449,1.090807
-0.581449,1.090807
-0.583247,1.094479
-0.583247,1.094479
-0.583247,1.094479
-0.583247,1.094479
-0.583247,1.094479
-0.586766,1.101661
-0.586766,1.101661
-0.586766,1.101661
-0.586766,1.101661
-0.588509,1.105219
-0.588509,1.105219
-0.590255,1.108786
-0.590255,1.108786
-0.590255,1.108786
-0.590255,1.108786
-0.591920,1.112187
-0.591920,1.112187
-0.591920,1.112187
-0.591920,1.112187
-0.591920,1.112187
-0.593558,1.115534
-0.593558,1.115534
-0.593558,1.115534
-0.593558,1.115534
-0.593558,1.115534
-0.595218,1.118926
-0.595218,1.118926
-0.595218,1.118926
-0.595218,1.118926
-0.598324,1.125274
-0.598324,1.125274
-0.598324,1.125274
-0.598324,1.125274
-0.598324,1.125274
-0.599933,1.128562
-0.601454,1.131673
-0.601454,1.131673
-0.601454,1.131673
-0.601454,1.131673
-0.602901,1.134630
-0.602901,1.134630
-0.602901,1.134630
-0.602901,1.134630
-0.602901,1.134630
-0.604375,1.137643
-0.604375,1.137643
-0.604375,1.137643
-0.604375,1.137643
-0.604375,1.137643
-0.607189,1.143383
-0.607189,1.143383
-0.607189,1.143383
-0.607189,1.143383
-0.608594,1.146257
-0.608594,1.146257
-0.609937,1.149001
-0.609937,1.149001
-0.609937,1.149001
-0.609937,1.149001
-0.611254,1.151692
-0.611254,1.151692
-0.611254,1.151692
-0.611254,1.151692
-0.611254,1.151692
-0.611254,1.151692
-0.612591,1.154421
-0.612591,1.154421
-0.612591,1.154421
-0.612591,1.154421
-0.615756,1.160839
-0.615756,1.160839
-0.615756,1.160839
-0.615756,1.160839
-0.615756,1.160839
-0.617829,1.165008
-0.617829,1.165008
-0.619953,1.169289
-0.619953,1.169289
-0.619953,1.169289
-0.619953,1.169289
-0.621838,1.173152
-0.621838,1.173152
-0.621838,1.173152
-0.621838,1.173152
-0.623368,1.176355
-0.623368,1.176355
-0.623368,1.176355
-0.623368,1.176355
-0.623368,1.176355
-0.624550,1.178903
-0.624550,1.178903
-0.624550,1.178903
-0.624550,1.178903
-0.627326,1.185328
-0.627326,1.185328
-0.627326,1.185328
-0.627326,1.185328
-0.629128,1.189768
-0.629128,1.189768
-0.631155,1.194964
-0.631155,1.194964
-0.631155,1.194964
-0.631155,1.194964
-0.633415,1.200953
-0.633415,1.200953
-0.633415,1.200953
-0.633415,1.200953
-0.633415,1.200953
-0.635726,1.207174
-0.635726,1.207174
-0.635726,1.207174
-0.635726,1.207174
-0.638152,1.213747
-0.638152,1.213747
-0.638152,1.213747
-0.638152,1.213747
-0.638152,1.213747
-0.643488,1.228501
-0.643488,1.228501
-0.643488,1.228501
-0.643488,1.228501
-0.646279,1.236567
-0.649207,1.245365
-0.649207,1.245365
-0.649207,1.245365
-0.649207,1.245365
-0.649207,1.245365
-0.652083,1.254327
-0.652083,1.254327
-0.652083,1.254327
-0.652083,1.254327
-0.655033,1.263723
-0.655033,1.263723
-0.655033,1.263723
-0.655033,1.263723
-0.655033,1.263723
-0.661510,1.284500
-0.661510,1.284500
-0.661510,1.284500
-0.661510,1.284500
-0.661510,1.284500
-0.664896,1.295511
-0.668313,1.306890
-0.668313,1.306890
-0.668313,1.306890
-0.668313,1.306890
-0.671574,1.318079
-0.671574,1.318079
-0.671574,1.318079
-0.671574,1.318079
-0.671574,1.318079
-0.674797,1.329571
-0.674797,1.329571
-0.674797,1.329571
-0.674797,1.329571
-0.678019,1.341568
-0.678019,1.341568
-0.678019,1.341568
-0.678019,1.341568
-0.684057,1.364937
-0.684057,1.364937
-0.684057,1.364937
-0.684057,1.364937
-0.684057,1.364937
-0.687118,1.376613
-0.687118,1.376613
-0.690005,1.387590
-0.690005,1.387590
-0.690005,1.387590
-0.690005,1.387590
-0.692847,1.398369
-0.692847,1.398369
-0.692847,1.398369
-0.692847,1.398369
-0.695731,1.409305
-0.695731,1.409305
-0.695731,1.409305
-0.695731,1.409305
-0.695731,1.409305
-0.698491,1.419778
-0.698491,1.419778
-0.698491,1.419778
-0.698491,1.419778
-0.703994,1.440631
-0.703994,1.440631
-0.703994,1.440631
-0.703994,1.440631
-0.703994,1.440631
-0.706641,1.450678
-0.709210,1.460446
-0.709210,1.460446
-0.709210,1.460446
-0.709210,1.460446
-0.711952,1.470859
-0.711952,1.470859
-0.711952,1.470859
-0.711952,1.470859
-0.711952,1.470859
-0.714603,1.480881
-0.714603,1.480881
-0.714603,1.480881
-0.714603,1.480881
-0.717088,1.490237
-0.717088,1.490237
-0.717088,1.490237
-0.717088,1.490237
-0.717088,1.490237
-0.721907,1.508474
-0.721907,1.508474
-0.721907,1.508474
-0.721907,1.508474
-0.724267,1.517484
-0.726646,1.526579
-0.726646,1.526579
-0.726646,1.526579
-0.726646,1.526579
-0.726646,1.526579
-0.728905,1.535202
-0.728905,1.535202
-0.728905,1.535202
-0.728905,1.535202
-0.731113,1.543618
-0.731113,1.543618
-0.731113,1.543618
-0.731113,1.543618
-0.733329,1.552068
-0.733329,1.552068
-0.733329,1.552068
-0.733329,1.552068
-0.733329,1.552068
-0.737724,1.568758
-0.737724,1.568758
-0.737724,1.568758
-0.737724,1.568758
-0.739881,1.576930
-0.739881,1.576930
-0.741920,1.584652
-0.741920,1.584652
-0.741920,1.584652
-0.741920,1.584652
-0.743918,1.592229
-0.743918,1.592229
-0.743918,1.592229
-0.743918,1.592229
-0.743918,1.592229
-0.745942,1.599919
-0.745942,1.599919
-0.745942,1.599919
-0.745942,1.599919
-0.749819,1.614670
-0.749819,1.614670
-0.749819,1.614670
-0.749819,1.614670
-0.751796,1.622191
-0.751796,1.622191
-0.751796,1.622191
-0.753685,1.629360
-0.753685,1.629360
-0.753685,1.629360
-0.753685,1.629360
-0.755542,1.636357
-0.755542,1.636357
-0.755542,1.636357
-0.755542,1.636357
-0.757388,1.643328
-0.757388,1.643328
-0.757388,1.643328
-0.757388,1.643328
-0.757388,1.643328
-0.760830,1.656392
-0.760830,1.656392
-0.760830,1.656392
-0.760830,1.656392
-0.762584,1.663071
-0.762584,1.663071
-0.762584,1.663071
-0.764236,1.669370
-0.764236,1.669370
-0.764236,1.669370
-0.764236,1.669370
-0.765858,1.675554
-0.765858,1.675554
-0.765858,1.675554
-0.765858,1.675554
-0.767506,1.681828
-0.767506,1.681828
-0.767506,1.681828
-0.767506,1.681828
-0.767506,1.681828
-0.769081,1.687826
-0.769081,1.687826
-0.769081,1.687826
-0.769081,1.687826
-0.772234,1.699823
-0.772234,1.699823
-0.772234,1.699823
-0.772234,1.699823
-0.772234,1.699823
-0.773766,1.705651
-0.775253,1.711311
-0.775253,1.711311
-0.775253,1.711311
-0.775253,1.711311
-0.776725,1.716916
-0.776725,1.716916
-0.776725,1.716916
-0.776725,1.716916
-0.778150,1.722340
-0.778150,1.722340
-0.778150,1.722340
-0.778150,1.722340
-0.778150,1.722340
-0.779577,1.727771
-0.779577,1.727771
-0.779577,1.727771
-0.779577,1.727771
-0.782396,1.738452
-0.782396,1.738452
-0.782396,1.738452
-0.782396,1.738452
-0.782396,1.738452
-0.783743,1.743566
-0.785096,1.748697
-0.785096,1.748697
-0.785096,1.748697
-0.785096,1.748697
-0.785096,1.748697
-0.786345,1.753445
-0.786345,1.753445
-0.786345,1.753445
-0.786345,1.753445
-0.787603,1.758234
-0.787603,1.758234
-0.787603,1.758234
-0.787603,1.758234
-0.788882,1.763104
-0.788882,1.763104
-0.788882,1.763104
-0.788882,1.763104
-0.788882,1.763104
-0.791233,1.772048
-0.791233,1.772048
-0.791233,1.772048
-0.791233,1.772048
-0.791233,1.772048
-0.792473,1.776762
-0.793646,1.781221
-0.793646,1.781221
-0.793646,1.781221
-0.793646,1.781221
-0.794763,1.785471
-0.794763,1.785471
-0.794763,1.785471
-0.794763,1.785471
-0.795930,1.789912
-0.795930,1.789912
-0.795930,1.789912
-0.795930,1.789912
-0.795930,1.789912
-0.797048,1.794168
-0.797048,1.794168
-0.797048,1.794168
-0.797048,1.794168
-0.799284,1.802679
-0.799284,1.802679
-0.799284,1.802679
-0.799284,1.802679
-0.800370,1.806813
-0.800370,1.806813
-0.801421,1.810821
-0.801421,1.810821
-0.801421,1.810821
-0.801421,1.810821
-0.802485,1.814874
-0.802485,1.814874
-0.802485,1.814874
-0.802485,1.814874
-0.802485,1.814874
-0.803498,1.818741
-0.803498,1.818741
-0.803498,1.818741
-0.803498,1.818741
-0.803498,1.818741
-0.805493,1.826350
-0.805493,1.826350
-0.805493,1.826350
-0.805493,1.826350
-0.806465,1.830055
-0.806465,1.830055
-0.807416,1.833684
-0.807416,1.833684
-0.807416,1.833684
-0.807416,1.833684
-0.808368,1.837290
-0.808368,1.837290
-0.808368,1.837290
-0.808368,1.837290
-0.808368,1.837290
-0.809266,1.840719
-0.809266,1.840719
-0.809266,1.840719
-0.809266,1.840719
-0.810155,1.844102
-0.810155,1.844102
-0.810155,1.844102
-0.810155,1.844102
-0.810155,1.844102
-0.811895,1.850728
-0.811895,1.850728
-0.811895,1.850728
-0.811895,1.850728
-0.812756,1.854003
-0.813615,1.857272
-0.813615,1.857272
-0.813615,1.857272
-0.813615,1.857272
-0.813615,1.857272
-0.814409,1.860293
-0.814409,1.860293
-0.814409,1.860293
-0.814409,1.860293
-0.815215,1.863360
-0.815215,1.863360
-0.815215,1.863360
-0.815215,1.863360
-0.815215,1.863360
-0.816795,1.869368
-0.816795,1.869368
-0.816795,1.869368
-0.816795,1.869368
-0.816795,1.869368
-0.817578,1.872346
-0.817578,1.872346
-0.818513,1.875896
-0.818513,1.875896
-0.818513,1.875896
-0.818513,1.875896
-0.818513,1.875896
-0.819665,1.880262
-0.819665,1.880262
-0.819665,1.880262
-0.819665,1.880262
-0.820969,1.885208
-0.820969,1.885208
-0.820969,1.885208
-0.820969,1.885208
-0.820969,1.885208
-0.823639,1.895870
-0.823639,1.895870
-0.823639,1.895870
-0.823639,1.895870
-0.824815,1.901143
-0.824815,1.901143
-0.825901,1.906576
-0.825901,1.906576
-0.825901,1.906576
-0.825901,1.906576
-0.826880,1.912156
-0.826880,1.912156
-0.826880,1.912156
-0.826880,1.912156
-0.826880,1.912156
-0.827827,1.918326
-0.827827,1.918326
-0.827827,1.918326
-0.827827,1.918326
-0.827827,1.918326
-0.829479,1.931199
-0.829479,1.931199
-0.829479,1.931199
-0.829479,1.931199
-0.830185,1.937301
-0.830185,1.937301
-0.830884,1.943442
-0.830884,1.943442
-0.830884,1.943442
-0.830884,1.943442
-0.831540,1.949161
-0.831540,1.949161
-0.831540,1.949161
-0.831540,1.949161
-0.831540,1.949161
-0.832203,1.954695
-0.832203,1.954695
-0.832203,1.954695
-0.832203,1.954695
-0.832203,1.954695
-0.833710,1.966152
-0.833710,1.966152
-0.833710,1.966152
-0.833710,1.966152
-0.834549,1.972257
-0.834549,1.972257
-0.835389,1.978313
-0.835389,1.978313
-0.835389,1.978313
-0.835389,1.978313
-0.835389,1.978313
-0.836140,1.983759
-0.836140,1.983759
-0.836140,1.983759
-0.836140,1.983759
-0.836140,1.983759
-0.836868,1.989011
-0.836868,1.989011
-0.836868,1.989011
-0.836868,1.989011
-0.838317,1.999418
-0.838317,1.999418
-0.838317,1.999418
-0.838317,1.999418
-0.838317,1.999418
-0.839029,2.004476
-0.839741,2.009526
-0.839741,2.009526
-0.839741,2.009526
-0.839741,2.009526
-0.840403,2.014220
-0.840403,2.014220
-0.840403,2.014220
-0.840403,2.014220
-0.840403,2.014220
-0.841067,2.018948
-0.841067,2.018948
-0.841067,2.018948
-0.841067,2.018948
-0.841741,2.023756
-0.841741,2.023756
-0.841741,2.023756
-0.841741,2.023756
-0.841741,2.023756
-0.842981,2.032582
-0.842981,2.032582
-0.842981,2.032582
-0.842981,2.032582
-0.843623,2.037135
-0.843623,2.037135
-0.844235,2.041499
-0.844235,2.041499
-0.844235,2.041499
-0.844235,2.041499
-0.844816,2.045653
-0.844816,2.045653
-0.844816,2.045653
-0.844816,2.045653
-0.845424,2.049985
-0.845424,2.049985
-0.845424,2.049985
-0.845424,2.049985
-0.845424,2.049985
-0.846576,2.058222
-0.846576,2.058222
-0.846576,2.058222
-0.846576,2.058222
-0.846576,2.058222
-0.847164,2.062436
-0.847164,2.062436
-0.847717,2.066405
-0.847717,2.066405
-0.847717,2.066405
-0.847717,2.066405
-0.848260,2.070306
-0.848260,2.070306
-0.848260,2.070306
-0.848260,2.070306
-0.848811,2.074264
-0.848811,2.074264
-0.848811,2.074264
-0.848811,2.074264
-0.848811,2.074264
-0.849857,2.081765
-0.849857,2.081765
-0.849857,2.081765
-0.849857,2.081765
-0.849857,2.081765
-0.850391,2.085594
-0.850391,2.085594
-0.850893,2.089198
-0.850893,2.089198
-0.850893,2.089198
-0.850893,2.089198
-0.851379,2.092653
-0.851379,2.092653
-0.851379,2.092653
-0.851379,2.092653
-0.851868,2.096154
-0.851868,2.096154
-0.851868,2.096154
-0.851868,2.096154
-0.852337,2.099507
-0.852337,2.099507
-0.852337,2.099507
-0.852337,2.099507
-0.852337,2.099507
-0.853275,2.106158
-0.853275,2.106158
-0.853275,2.106158
-0.853275,2.106158
-0.853275,2.106158
-0.853736,2.109449
-0.854184,2.112648
-0.854184,2.112648
-0.854184,2.112648
-0.854184,2.112648
-0.854624,2.115787
-0.854624,2.115787
-0.854624,2.115787
-0.854624,2.115787
-0.854624,2.115787
-0.855058,2.118877
-0.855058,2.118877
-0.855058,2.118877
-0.855058,2.118877
-0.855487,2.121927
-0.855487,2.121927
-0.855487,2.121927
-0.855487,2.121927
-0.855487,2.121927
-0.856330,2.127929
-0.856330,2.127929
-0.856330,2.127929
-0.856330,2.127929
-0.856744,2.130885
-0.857157,2.133836
-0.857157,2.133836
-0.857157,2.133836
-0.857157,2.133836
-0.857543,2.136579
-0.857543,2.136579
-0.857543,2.136579
-0.857543,2.136579
-0.857543,2.136579
-0.857925,2.139295
-0.857925,2.139295
-0.857925,2.139295
-0.857925,2.139295
-0.857925,2.139295
-0.858675,2.144644
-0.858675,2.144644
-0.858675,2.144644
-0.858675,2.144644
-0.858675,2.144644
-0.859042,2.147277
-0.859042,2.147277
-0.859476,2.150365
-0.859476,2.150365
-0.859476,2.150365
-0.859476,2.150365
-0.859975,2.154035
-0.859975,2.154035
-0.859975,2.154035
-0.859975,2.154035
-0.859975,2.154035
-0.860545,2.158426
-0.860545,2.158426
-0.860545,2.158426
-0.860545,2.158426
-0.860545,2.158426
-0.861907,2.169549
-0.861907,2.169549
-0.861907,2.169549
-0.861907,2.169549
-0.862682,2.175929
-0.862682,2.175929
-0.863582,2.183012
-0.863582,2.183012
-0.863582,2.183012
-0.863582,2.183012
-0.864591,2.190437
-0.864591,2.190437
-0.864591,2.190437
-0.864591,2.190437
-0.864591,2.190437
-0.865743,2.198400
-0.865743,2.198400
-0.865743,2.198400
-0.865743,2.198400
-0.865743,2.198400
-0.868419,2.216137
-0.868419,2.216137
-0.868419,2.216137
-0.868419,2.216137
-0.869867,2.225841
-0.869867,2.225841
-0.871387,2.236329
-0.871387,2.236329
-0.871387,2.236329
-0.871387,2.236329
-0.872821,2.246734
-0.872821,2.246734
-0.872821,2.246734
-0.872821,2.246734
-0.872821,2.246734
-0.874181,2.257142
-0.874181,2.257142
-0.874181,2.257142
-0.874181,2.257142
-0.874181,2.257142
-0.875508,2.267766
-0.875508,2.267766
-0.875508,2.267766
-0.875508,2.267766
-0.878033,2.288652
-0.878033,2.288652
-0.878033,2.288652
-0.878033,2.288652
-0.878033,2.288652
-0.879245,2.298785
-0.880404,2.308270
-0.880404,2.308270
-0.880404,2.308270
-0.880404,2.308270
-0.881582,2.317651
-0.881582,2.317651
-0.881582,2.317651
-0.881582,2.317651
-0.882782,2.327054
-0.882782,2.327054
-0.882782,2.327054
-0.882782,2.327054
-0.882782,2.327054
-0.883929,2.335964
-0.883929,2.335964
-0.883929,2.335964
-0.883929,2.335964
-0.883929,2.335964
-0.886210,2.353746
-0.886210,2.353746
-0.886210,2.353746
-0.886210,2.353746
-0.887314,2.362390
-0.888378,2.370765
-0.888378,2.370765
-0.888378,2.370765
-0.888378,2.370765
-0.888378,2.370765
-0.889423,2.379009
-0.889423,2.379009
-0.889423,2.379009
-0.889423,2.379009
-0.890446,2.387028
-0.890446,2.387028
-0.890446,2.387028
-0.890446,2.387028
-0.892484,2.402928
-0.892484,2.402928
-0.892484,2.402928
-0.892484,2.402928
-0.892484,2.402928
-0.893483,2.410668
-0.893483,2.410668
-0.894461,2.418287
-0.894461,2.418287
-0.894461,2.418287
-0.894461,2.418287
-0.894461,2.418287
-0.895440,2.425931
-0.895440,2.425931
-0.895440,2.425931
-0.895440,2.425931
-0.896370,2.433235
-0.896370,2.433235
-0.896370,2.433235
-0.896370,2.433235
-0.896370,2.433235
-0.898187,2.447579
-0.898187,2.447579
-0.898187,2.447579
-0.898187,2.447579
-0.898187,2.447579
-0.899066,2.454516
-0.899946,2.461405
-0.899946,2.461405
-0.899946,2.461405
-0.899946,2.461405
-0.899946,2.461405
-0.900812,2.468225
-0.900812,2.468225
-0.900812,2.468225
-0.900812,2.468225
-0.901644,2.474801
-0.901644,2.474801
-0.901644,2.474801
-0.901644,2.474801
-0.901644,2.474801
-0.903285,2.487723
-0.903285,2.487723
-0.903285,2.487723
-0.903285,2.487723
-0.903285,2.487723
-0.904099,2.494094
-0.904899,2.500335
-0.904899,2.500335
-0.904899,2.500335
-0.904899,2.500335
-0.905698,2.506552
-0.905698,2.506552
-0.905698,2.506552
-0.905698,2.506552
-0.905698,2.506552
-0.906469,2.512536
-0.906469,2.512536
-0.906469,2.512536
-0.906469,2.512536
-0.907977,2.524301
-0.907977,2.524301
-0.907977,2.524301
-0.907977,2.524301
-0.907977,2.524301
-0.908711,2.530055
-0.908711,2.530055
-0.909426,2.535689
-0.909426,2.535689
-0.909426,2.535689
-0.909426,2.535689
-0.910146,2.541387
-0.910146,2.541387
-0.910146,2.541387
-0.910146,2.541387
-0.910146,2.541387
-0.910834,2.546830
-0.910834,2.546830
-0.910834,2.546830
-0.910834,2.546830
-0.910834,2.546830
-0.912186,2.557520
-0.912186,2.557520
-0.912186,2.557520
-0.912186,2.557520
-0.912186,2.557520
-0.912840,2.562665
-0.913484,2.567701
-0.913484,2.567701
-0.913484,2.567701
-0.913484,2.567701
-0.914126,2.572707
-0.914126,2.572707
-0.914126,2.572707
-0.914126,2.572707
-0.914126,2.572707
-0.914751,2.577609
-0.914751,2.577609
-0.914751,2.577609
-0.914751,2.577609
-0.914751,2.577609
-0.915974,2.587210
-0.915974,2.587210
-0.915974,2.587210
-0.915974,2.587210
-0.916581,2.591956
-0.916581,2.591956
-0.917173,2.596589
-0.917173,2.596589
-0.917173,2.596589
-0.917173,2.596589
-0.917773,2.601276
-0.917773,2.601276
-0.917773,2.601276
-0.917773,2.601276
-0.917773,2.601276
-0.918344,2.605752
-0.918344,2.605752
-0.918344,2.605752
-0.918344,2.605752
-0.919470,2.614548
-0.919470,2.614548
-0.919470,2.614548
-0.919470,2.614548
-0.919470,2.614548
-0.920020,2.618848
-0.920020,2.618848
-0.920560,2.623073
-0.920560,2.623073
-0.920560,2.623073
-0.920560,2.623073
-0.921099,2.627302
-0.921099,2.627302
-0.921099,2.627302
-0.921099,2.627302
-0.921613,2.631345
-0.921613,2.631345
-0.921613,2.631345
-0.921613,2.631345
-0.921613,2.631345
-0.922116,2.635324
-0.922116,2.635324
-0.922116,2.635324
-0.922116,2.635324
-0.923121,2.643276
-0.923121,2.643276
-0.923121,2.643276
-0.923121,2.643276
-0.923121,2.643276
-0.923608,2.647136
-0.924095,2.650988
-0.924095,2.650988
-0.924095,2.650988
-0.924095,2.650988
-0.924545,2.654556
-0.924545,2.654556
-0.924545,2.654556
-0.924545,2.654556
-0.924545,2.654556
-0.925000,2.658152
-0.925000,2.658152
-0.925000,2.658152
-0.925000,2.658152
-0.925464,2.661803
-0.925464,2.661803
-0.925464,2.661803
-0.925464,2.661803
-0.925464,2.661803
-0.926317,2.668525
-0.926317,2.668525
-0.926317,2.668525
-0.926317,2.668525
-0.926317,2.668525
-0.926753,2.671949
-0.927175,2.675253
-0.927175,2.675253
-0.927175,2.675253
-0.927175,2.675253
-0.927578,2.678416
-0.927578,2.678416
-0.927578,2.678416
-0.927578,2.678416
-0.927578,2.678416
-0.927997,2.681710
-0.927997,2.681710
-0.927997,2.681710
-0.927997,2.681710
-0.928781,2.687869
-0.928781,2.687869
-0.928781,2.687869
-0.928781,2.687869
-0.928781,2.687869
-0.929188,2.691061
-0.929188,2.691061
-0.929574,2.694079
-0.929574,2.694079
-0.929574,2.694079
-0.929574,2.694079
-0.929942,2.696957
-0.929942,2.696957
-0.929942,2.696957
-0.929942,2.696957
-0.930325,2.699962
-0.930325,2.699962
-0.930325,2.699962
-0.930325,2.699962
-0.930325,2.699962
-0.930325,2.699962
-0.930692,2.702840
-0.930692,2.702840
-0.930692,2.702840
-0.930692,2.702840
-0.931580,2.709910
-0.931580,2.709910
-0.931580,2.709910
-0.931580,2.709910
-0.931580,2.709910
-0.932083,2.714238
-0.932579,2.718922
-0.932579,2.718922
-0.932579,2.718922
-0.932579,2.718922
-0.933061,2.723843
-0.933061,2.723843
-0.933061,2.723843
-0.933061,2.723843
-0.933526,2.728586
-0.933526,2.728586
-0.933526,2.728586
-0.933526,2.728586
-0.933526,2.728586
-0.933957,2.732781
-0.933957,2.732781
-0.933957,2.732781
-0.933957,2.732781
-0.934750,2.739862
-0.934750,2.739862
-0.934750,2.739862
-0.934750,2.739862
-0.934750,2.739862
-0.935099,2.742606
-0.935417,2.744843
-0.935417,2.744843
-0.935417,2.744843
-0.935417,2.744843
-0.935417,2.744843
-0.935667,2.746397
-0.935667,2.746397
-0.935667,2.746397
-0.935667,2.746397
-0.935834,2.747314
-0.935834,2.747314
-0.935834,2.747314
-0.935834,2.747314
-0.935887,2.747581
-0.935887,2.747581
-0.935887,2.747581
-0.935887,2.747581
-0.935887,2.747581
-0.935873,2.747511
-0.935873,2.747511
-0.935873,2.747511
-0.935873,2.747511
-0.935873,2.747511
-0.936168,2.748438
-0.936708,2.749985
-0.936708,2.749985
-0.936708,2.749985
-0.936708,2.749985
-0.937485,2.752056
-0.937485,2.752056
-0.937485,2.752056
-0.937485,2.752056
-0.937485,2.752056
-0.938573,2.754838
-0.938573,2.754838
-0.938573,2.754838
-0.938573,2.754838
-0.941645,2.762287
-0.941645,2.762287
-0.941645,2.762287
-0.941645,2.762287
-0.941645,2.762287
-0.943735,2.767128
-0.943735,2.767128
-0.946084,2.772376
-0.946084,2.772376
-0.946084,2.772376
-0.946084,2.772376
-0.948485,2.777551
-0.948485,2.777551
-0.948485,2.777551
-0.948485,2.777551
-0.948485,2.777551
-0.950891,2.782595
-0.950891,2.782595
-0.950891,2.782595
-0.950891,2.782595
-0.955484,2.792041
-0.955484,2.792041
-0.955484,2.792041
-0.955484,2.792041
-0.955484,2.792041
-0.957991,2.797233
-0.957991,2.797233
-0.960591,2.802705
-0.960591,2.802705
-0.960591,2.802705
-0.960591,2.802705
-0.963377,2.808734
-0.963377,2.808734
-0.963377,2.808734
-0.963377,2.808734
-0.966419,2.815573
-0.966419,2.815573
-0.966419,2.815573
-0.966419,2.815573
-0.966419,2.815573
-0.972365,2.829987
-0.972365,2.829987
-0.972365,2.829987
-0.972365,2.829987
-0.975195,2.837401
-0.975195,2.837401
-0.975195,2.837401
-0.977825,2.844688
-0.977825,2.844688
-0.977825,2.844688
-0.977825,2.844688
-0.980368,2.852019
-0.980368,2.852019
-0.980368,2.852019
-0.980368,2.852019
-0.980368,2.852019
-0.982941,2.859574
-0.982941,2.859574
-0.982941,2.859574
-0.982941,2.859574
-0.988009,2.873987
-0.988009,2.873987
-0.988009,2.873987
-0.988009,2.873987
-0.988009,2.873987
-0.990644,2.880902
-0.990644,2.880902
-0.993341,2.887604
-0.993341,2.887604
-0.993341,2.887604
-0.993341,2.887604
-0.996195,2.894482
-0.996195,2.894482
-0.996195,2.894482
-0.996195,2.894482
-0.999154,2.901545
-0.999154,2.901545
-0.999154,2.901545
-0.999154,2.901545
-0.999154,2.901545
-1.001977,2.908284
-1.001977,2.908284
-1.001977,2.908284
-1.001977,2.908284
-1.007563,2.921752
-1.007563,2.921752
-1.007563,2.921752
-1.007563,2.921752
-1.010208,2.928196
-1.010208,2.928196
-1.012713,2.934357
-1.012713,2.934357
-1.012713,2.934357
-1.012713,2.934357
-1.015165,2.940457
-1.015165,2.940457
-1.015165,2.940457
-1.015165,2.940457
-1.017500,2.946332
-1.017500,2.946332
-1.017500,2.946332
-1.017500,2.946332
-1.017500,2.946332
-1.019769,2.952079
-1.019769,2.952079
-1.019769,2.952079
-1.019769,2.952079
-1.024149,2.963154
-1.024149,2.963154
-1.024149,2.963154
-1.024149,2.963154
-1.024149,2.963154
-1.026274,2.968485
-1.028411,2.973818
-1.028411,2.973818
-1.028411,2.973818
-1.028411,2.973818
-1.028411,2.973818
-1.030413,2.978809
-1.030413,2.978809
-1.030413,2.978809
-1.030413,2.978809
-1.032412,2.983806
-1.032412,2.983806
-1.032412,2.983806
-1.032412,2.983806
-1.034447,2.988895
-1.034447,2.988895
-1.034447,2.988895
-1.034447,2.988895
-1.034447,2.988895
-1.038191,2.998244
-1.038191,2.998244
-1.038191,2.998244
-1.038191,2.998244
-1.040160,3.003155
-1.040160,3.003155
-1.042029,3.007817
-1.042029,3.007817
-1.042029,3.007817
-1.042029,3.007817
-1.043832,3.012315
-1.043832,3.012315
-1.043832,3.012315
-1.043832,3.012315
-1.045677,3.016906
-1.045677,3.016906
-1.045677,3.016906
-1.045677,3.016906
-1.045677,3.016906
-1.047443,3.021317
-1.047443,3.021317
-1.047443,3.021317
-1.047443,3.021317
-1.050956,3.030098
-1.050956,3.030098
-1.050956,3.030098
-1.050956,3.030098
-1.052652,3.034347
-1.052652,3.034347
-1.054312,3.038497
-1.054312,3.038497
-1.054312,3.038497
-1.054312,3.038497
-1.055982,3.042683
-1.055982,3.042683
-1.055982,3.042683
-1.055982,3.042683
-1.057557,3.046622
-1.057557,3.046622
-1.057557,3.046622
-1.057557,3.046622
-1.057557,3.046622
-1.059115,3.050509
-1.059115,3.050509
-1.059115,3.050509
-1.059115,3.050509
-1.062227,3.058274
-1.062227,3.058274
-1.062227,3.058274
-1.062227,3.058274
-1.062227,3.058274
-1.063741,3.062045
-1.065253,3.065810
-1.065253,3.065810
-1.065253,3.065810
-1.065253,3.065810
-1.065253,3.065810
-1.066652,3.069295
-1.066652,3.069295
-1.066652,3.069295
-1.066652,3.069295
-1.068069,3.072829
-1.068069,3.072829
-1.068069,3.072829
-1.068069,3.072829
-1.069510,3.076424
-1.069510,3.076424
-1.069510,3.076424
-1.069510,3.076424
-1.069510,3.076424
-1.072155,3.083020
-1.072155,3.083020
-1.072155,3.083020
-1.072155,3.083020
-1.073551,3.086502
-1.073551,3.086502
-1.074871,3.089791
-1.074871,3.089791
-1.074871,3.089791
-1.074871,3.089791
-1.076167,3.093026
-1.076167,3.093026
-1.076167,3.093026
-1.076167,3.093026
-1.077482,3.096306
-1.077482,3.096306
-1.077482,3.096306
-1.077482,3.096306
-1.078737,3.099438
-1.078737,3.099438
-1.078737,3.099438
-1.078737,3.099438
-1.078737,3.099438
-1.081188,3.105561
-1.081188,3.105561
-1.081188,3.105561
-1.081188,3.105561
-1.082387,3.108555
-1.082387,3.108555
-1.083586,3.111544
-1.083586,3.111544
-1.083586,3.111544
-1.083586,3.111544
-1.084795,3.114567
-1.084795,3.114567
-1.084795,3.114567
-1.084795,3.114567
-1.085943,3.117429
-1.085943,3.117429
-1.085943,3.117429
-1.085943,3.117429
-1.085943,3.117429
-1.087051,3.120193
-1.087051,3.120193
-1.087051,3.120193
-1.087051,3.120193
-1.089263,3.125722
-1.089263,3.125722
-1.089263,3.125722
-1.089263,3.125722
-1.089263,3.125722
-1.090330,3.128396
-1.090330,3.128396
-1.091487,3.131263
-1.091487,3.131263
-1.091487,3.131263
-1.091487,3.131263
-1.092737,3.134343
-1.092737,3.134343
-1.092737,3.134343
-1.092737,3.134343
-1.092737,3.134343
-1.094207,3.137891
-1.094207,3.137891
-1.094207,3.137891
-1.094207,3.137891
-1.096044,3.142225
-1.096044,3.142225
-1.096044,3.142225
-1.096044,3.142225
-1.096044,3.142225
-1.100625,3.152519
-1.100625,3.152519
-1.100625,3.152519
-1.100625,3.152519
-1.103424,3.158610
-1.106475,3.165200
-1.106475,3.165200
-1.106475,3.165200
-1.106475,3.165200
-1.106475,3.165200
-1.109804,3.172360
-1.109804,3.172360
-1.109804,3.172360
-1.109804,3.172360
-1.113520,3.180364
-1.113520,3.180364
-1.113520,3.180364
-1.113520,3.180364
-1.117361,3.188607
-1.117361,3.188607
-1.117361,3.188607
-1.117361,3.188607
-1.117361,3.188607
-1.125745,3.206159
-1.125745,3.206159
-1.125745,3.206159
-1.125745,3.206159
-1.130105,3.214891
-1.130105,3.214891
-1.134599,3.223610
-1.134599,3.223610
-1.134599,3.223610
-1.134599,3.223610
-1.139431,3.232813
-1.139431,3.232813
-1.139431,3.232813
-1.139431,3.232813
-1.139431,3.232813
-1.144233,3.241830
-1.144233,3.241830
-1.144233,3.241830
-1.144233,3.241830
-1.149101,3.250909
-1.149101,3.250909
-1.149101,3.250909
-1.149101,3.250909
-1.159934,3.270718
-1.159934,3.270718
-1.159934,3.270718
-1.159934,3.270718
-1.159934,3.270718
-1.165586,3.280719
-1.171511,3.290960
-1.171511,3.290960
-1.171511,3.290960
-1.171511,3.290960
-1.177288,3.300739
-1.177288,3.300739
-1.177288,3.300739
-1.177288,3.300739
-1.177288,3.300739
-1.183007,3.310255
-1.183007,3.310255
-1.183007,3.310255
-1.183007,3.310255
-1.188772,3.319814
-1.188772,3.319814
-1.188772,3.319814
-1.188772,3.319814
-1.188772,3.319814
-1.199340,3.337735
-1.199340,3.337735
-1.199340,3.337735
-1.199340,3.337735
-1.204651,3.346994
-1.204651,3.346994
-1.209498,3.355577
-1.209498,3.355577
-1.209498,3.355577
-1.209498,3.355577
-1.213905,3.363511
-1.213905,3.363511
-1.213905,3.363511
-1.213905,3.363511
-1.218272,3.371478
-1.218272,3.371478
-1.218272,3.371478
-1.218272,3.371478
-1.222572,3.379320
-1.222572,3.379320
-1.222572,3.379320
-1.222572,3.379320
-1.222572,3.379320
-1.231341,3.395090
-1.231341,3.395090
-1.231341,3.395090
-1.231341,3.395090
-1.235760,3.402849
-1.235760,3.402849
-1.240235,3.410597
-1.240235,3.410597
-1.240235,3.410597
-1.240235,3.410597
-1.244771,3.418393
-1.244771,3.418393
-1.244771,3.418393
-1.244771,3.418393
-1.244771,3.418393
-1.249117,3.425855
-1.249117,3.425855
-1.249117,3.425855
-1.249117,3.425855
-1.253386,3.433199
-1.253386,3.433199
-1.253386,3.433199
-1.253386,3.433199
-1.262232,3.448324
-1.262232,3.448324
-1.262232,3.448324
-1.262232,3.448324
-1.262232,3.448324
-1.266455,3.455502
-1.270695,3.462725
-1.270695,3.462725
-1.270695,3.462725
-1.270695,3.462725
-1.274723,3.469626
-1.274723,3.469626
-1.274723,3.469626
-1.274723,3.469626
-1.274723,3.469626
-1.278741,3.476518
-1.278741,3.476518
-1.278741,3.476518
-1.278741,3.476518
-1.282816,3.483500
-1.282816,3.483500
-1.282816,3.483500
-1.282816,3.483500
-1.282816,3.483500
-1.290379,3.496484
-1.290379,3.496484
-1.290379,3.496484
-1.290379,3.496484
-1.294110,3.502895
-1.294110,3.502895
-1.297650,3.508998
-1.297650,3.508998
-1.297650,3.508998
-1.297650,3.508998
-1.301116,3.514994
-1.301116,3.514994
-1.301116,3.514994
-1.301116,3.514994
-1.304626,3.521079
-1.304626,3.521079
-1.304626,3.521079
-1.304626,3.521079
-1.307979,3.526896
-1.307979,3.526896
-1.307979,3.526896
-1.307979,3.526896
-1.307979,3.526896
-1.314422,3.538072
-1.314422,3.538072
-1.314422,3.538072
-1.314422,3.538072
-1.317665,3.543690
-1.317665,3.543690
-1.320835,3.549182
-1.320835,3.549182
-1.320835,3.549182
-1.320835,3.549182
-1.324036,3.554730
-1.324036,3.554730
-1.324036,3.554730
-1.324036,3.554730
-1.324036,3.554730
-1.327085,3.560025
-1.327085,3.560025
-1.327085,3.560025
-1.327085,3.560025
-1.330086,3.565241
-1.330086,3.565241
-1.330086,3.565241
-1.330086,3.565241
-1.336049,3.575582
-1.336049,3.575582
-1.336049,3.575582
-1.336049,3.575582
-1.336049,3.575582
-1.338927,3.580569
-1.341797,3.585548
-1.341797,3.585548
-1.341797,3.585548
-1.341797,3.585548
-1.341797,3.585548
-1.344455,3.590159
-1.344455,3.590159
-1.344455,3.590159
-1.344455,3.590159
-1.347139,3.594814
-1.347139,3.594814
-1.347139,3.594814
-1.347139,3.594814
-1.349871,3.599551
-1.349871,3.599551
-1.349871,3.599551
-1.349871,3.599551
-1.349871,3.599551
-1.355012,3.608467
-1.355012,3.608467
-1.355012,3.608467
-1.355012,3.608467
-1.357666,3.613070
-1.357666,3.613070
-1.360165,3.617405
-1.360165,3.617405
-1.360165,3.617405
-1.360165,3.617405
-1.362622,3.621665
-1.362622,3.621665
-1.362622,3.621665
-1.362622,3.621665
-1.365115,3.625989
-1.365115,3.625989
-1.365115,3.625989
-1.365115,3.625989
-1.365115,3.625989
-1.367498,3.630123
-1.367498,3.630123
-1.367498,3.630123
-1.367498,3.630123
-1.372261,3.638388
-1.372261,3.638388
-1.372261,3.638388
-1.372261,3.638388
-1.372261,3.638388
-1.374572,3.642400
-1.376812,3.646291
-1.376812,3.646291
-1.376812,3.646291
-1.376812,3.646291
-1.379033,3.650150
-1.379033,3.650150
-1.379033,3.650150
-1.379033,3.650150
-1.379033,3.650150
-1.381164,3.653850
-1.381164,3.653850
-1.381164,3.653850
-1.381164,3.653850
-1.385393,3.661183
-1.385393,3.661183
-1.385393,3.661183
-1.385393,3.661183
-1.385393,3.661183
-1.387425,3.664714
-1.387425,3.664714
-1.389419,3.668175
-1.389419,3.668175
-1.389419,3.668175
-1.389419,3.668175
-1.391435,3.671674
-1.391435,3.671674
-1.391435,3.671674
-1.391435,3.671674
-1.391435,3.671674
-1.393360,3.675014
-1.393360,3.675014
-1.393360,3.675014
-1.393360,3.675014
-1.395254,3.678301
-1.395254,3.678301
-1.395254,3.678301
-1.395254,3.678301
-1.398981,3.684765
-1.398981,3.684765
-1.398981,3.684765
-1.398981,3.684765
-1.398981,3.684765
-1.400823,3.687959
-1.402662,3.691149
-1.402662,3.691149
-1.402662,3.691149
-1.402662,3.691149
-1.404363,3.694099
-1.404363,3.694099
-1.404363,3.694099
-1.404363,3.694099
-1.404363,3.694099
-1.406089,3.697092
-1.406089,3.697092
-1.406089,3.697092
-1.406089,3.697092
-1.407845,3.700136
-1.407845,3.700136
-1.407845,3.700136
-1.407845,3.700136
-1.407845,3.700136
-1.411065,3.705722
-1.411065,3.705722
-1.411065,3.705722
-1.411065,3.705722
-1.412766,3.708672
-1.414372,3.711458
-1.414372,3.711458
-1.414372,3.711458
-1.414372,3.711458
-1.414372,3.711458
-1.415900,3.714109
-1.415900,3.714109
-1.415900,3.714109
-1.415900,3.714109
-1.417500,3.716884
-1.417500,3.716884
-1.417500,3.716884
-1.417500,3.716884
-1.417500,3.716884
-1.419033,3.719544
-1.419033,3.719544
-1.419033,3.719544
-1.419033,3.719544
-1.419033,3.719544
-1.422097,3.724862
-1.422097,3.724862
-1.422097,3.724862
-1.422097,3.724862
-1.422097,3.724862
-1.423764,3.727762
-1.425683,3.731107
-1.425683,3.731107
-1.425683,3.731107
-1.425683,3.731107
-1.427712,3.734639
-1.427712,3.734639
-1.427712,3.734639
-1.427712,3.734639
-1.429601,3.737922
-1.429601,3.737922
-1.429601,3.737922
-1.429601,3.737922
-1.429601,3.737922
-1.431421,3.741053
-1.431421,3.741053
-1.431421,3.741053
-1.431421,3.741053
-1.431421,3.741053
-1.434814,3.746783
-1.434814,3.746783
-1.434814,3.746783
-1.434814,3.746783
-1.436212,3.749059
-1.437427,3.750972
-1.437427,3.750972
-1.437427,3.750972
-1.437427,3.750972
-1.437427,3.750972
-1.438351,3.752374
-1.438351,3.752374
-1.438351,3.752374
-1.438351,3.752374
-1.438987,3.753295
-1.438987,3.753295
-1.438987,3.753295
-1.438987,3.753295
-1.438987,3.753295
-1.439241,3.753658
-1.439241,3.753658
-1.439241,3.753658
-1.439241,3.753658
-1.439241,3.753658
-1.439051,3.753434
-1.438848,3.753210
-1.438848,3.753210
-1.438848,3.753210
-1.438848,3.753210
-1.438848,3.753210
-1.438644,3.752999
-1.438644,3.752999
-1.438644,3.752999
-1.438644,3.752999
-1.438431,3.752794
-1.438431,3.752794
-1.438431,3.752794
-1.438431,3.752794
-1.438205,3.752590
-1.438205,3.752590
-1.438205,3.752590
-1.438205,3.752590
-1.438205,3.752590
-1.437746,3.752218
-1.437746,3.752218
-1.437746,3.752218
-1.437746,3.752218
-1.437758,3.752219
-1.437758,3.752219
-1.438237,3.752538
-1.438237,3.752538
-1.438237,3.752538
-1.438237,3.752538
-1.439148,3.753121
-1.439148,3.753121
-1.439148,3.753121
-1.439148,3.753121
-1.440496,3.753934
-1.440496,3.753934
-1.440496,3.753934
-1.440496,3.753934
-1.440496,3.753934
-1.442328,3.754993
-1.442328,3.754993
-1.442328,3.754993
-1.442328,3.754993
-1.448115,3.758154
-1.448115,3.758154
-1.448115,3.758154
-1.448115,3.758154
-1.452111,3.760228
-1.452111,3.760228
-1.456846,3.762596
-1.456846,3.762596
-1.456846,3.762596
-1.456846,3.762596
-1.462345,3.765209
-1.462345,3.765209
-1.462345,3.765209
-1.462345,3.765209
-1.462345,3.765209
-1.467860,3.767692
-1.467860,3.767692
-1.467860,3.767692
-1.467860,3.767692
-1.473707,3.770192
-1.473707,3.770192
-1.473707,3.770192
-1.473707,3.770192
-1.473707,3.770192
-1.487118,3.775615
-1.487118,3.775615
-1.487118,3.775615
-1.487118,3.775615
-1.494376,3.778479
-1.502027,3.781464
-1.502027,3.781464
-1.502027,3.781464
-1.502027,3.781464
-1.502027,3.781464
-1.509363,3.784330
-1.509363,3.784330
-1.509363,3.784330
-1.509363,3.784330
-1.516522,3.787168
-1.516522,3.787168
-1.516522,3.787168
-1.516522,3.787168
-1.516522,3.787168
-1.529779,3.792717
-1.529779,3.792717
-1.529779,3.792717
-1.529779,3.792717
-1.529779,3.792717
-1.534944,3.795024
-1.540197,3.797473
-1.540197,3.797473
-1.540197,3.797473
-1.540197,3.797473
-1.540197,3.797473
-1.546068,3.800325
-1.546068,3.800325
-1.546068,3.800325
-1.546068,3.800325
-1.552694,3.803671
-1.552694,3.803671
-1.552694,3.803671
-1.552694,3.803671
-1.552694,3.803671
-1.567986,3.811804
-1.567986,3.811804
-1.567986,3.811804
-1.567986,3.811804
-1.567986,3.811804
-1.575873,3.816145
-1.584084,3.820782
-1.584084,3.820782
-1.584084,3.820782
-1.584084,3.820782
-1.584084,3.820782
-1.592414,3.825646
-1.592414,3.825646
-1.592414,3.825646
-1.592414,3.825646
-1.601126,3.830938
-1.601126,3.830938
-1.601126,3.830938
-1.601126,3.830938
-1.601126,3.830938
-1.619234,3.842828
-1.619234,3.842828
-1.619234,3.842828
-1.619234,3.842828
-1.628030,3.849038
-1.628030,3.849038
-1.637252,3.855787
-1.637252,3.855787
-1.637252,3.855787
-1.637252,3.855787
-1.637252,3.855787
-1.646327,3.862588
-1.646327,3.862588
-1.646327,3.862588
-1.646327,3.862588
-1.655473,3.869483
-1.655473,3.869483
-1.655473,3.869483
-1.655473,3.869483
-1.655473,3.869483
-1.673621,3.882744
-1.673621,3.882744
-1.673621,3.882744
-1.673621,3.882744
-1.673621,3.882744
-1.682022,3.888546
-1.690905,3.894414
-1.690905,3.894414
-1.690905,3.894414
-1.690905,3.894414
-1.690905,3.894414
-1.699722,3.900066
-1.699722,3.900066
-1.699722,3.900066
-1.699722,3.900066
-1.708490,3.905615
-1.708490,3.905615
-1.708490,3.905615
-1.708490,3.905615
-1.717172,3.911127
-1.717172,3.911127
-1.717172,3.911127
-1.717172,3.911127
-1.717172,3.911127
-1.732912,3.921381
-1.732912,3.921381
-1.732912,3.921381
-1.732912,3.921381
-1.732912,3.921381
-1.740805,3.926677
-1.748437,3.931866
-1.748437,3.931866
-1.748437,3.931866
-1.748437,3.931866
-1.756047,3.937039
-1.756047,3.937039
-1.756047,3.937039
-1.756047,3.937039
-1.763795,3.942258
-1.763795,3.942258
-1.763795,3.942258
-1.763795,3.942258
-1.763795,3.942258
-1.778250,3.951956
-1.778250,3.951956
-1.778250,3.951956
-1.778250,3.951956
-1.785359,3.956686
-1.785359,3.956686
-1.785359,3.956686
-1.792045,3.961126
-1.792045,3.961126
-1.792045,3.961126
-1.792045,3.961126
-1.798579,3.965471
-1.798579,3.965471
-1.798579,3.965471
-1.798579,3.965471
-1.805195,3.969881
-1.805195,3.969881
-1.805195,3.969881
-1.805195,3.969881
-1.805195,3.969881
-1.811545,3.974115
-1.811545,3.974115
-1.811545,3.974115
-1.811545,3.974115
-1.824163,3.982556
-1.824163,3.982556
-1.824163,3.982556
-1.824163,3.982556
-1.830253,3.986629
-1.830253,3.986629
-1.836164,3.990579
-1.836164,3.990579
-1.836164,3.990579
-1.836164,3.990579
-1.842142,3.994569
-1.842142,3.994569
-1.842142,3.994569
-1.842142,3.994569
-1.847857,3.998380
-1.847857,3.998380
-1.847857,3.998380
-1.847857,3.998380
-1.847857,3.998380
-1.853475,4.002124
-1.853475,4.002124
-1.853475,4.002124
-1.853475,4.002124
-1.853475,4.002124
-1.864687,4.009597
-1.864687,4.009597
-1.864687,4.009597
-1.864687,4.009597
-1.870119,4.013222
-1.875545,4.016846
-1.875545,4.016846
-1.875545,4.016846
-1.875545,4.016846
-1.875545,4.016846
-1.880581,4.020213
-1.880581,4.020213
-1.880581,4.020213
-1.880581,4.020213
-1.885649,4.023599
-1.885649,4.023599
-1.885649,4.023599
-1.885649,4.023599
-1.890800,4.027042
-1.890800,4.027042
-1.890800,4.027042
-1.890800,4.027042
-1.890800,4.027042
-1.900432,4.033482
-1.900432,4.033482
-1.900432,4.033482
-1.900432,4.033482
-1.900432,4.033482
-1.905358,4.036781
-1.910043,4.039915
-1.910043,4.039915
-1.910043,4.039915
-1.910043,4.039915
-1.914490,4.042886
-1.914490,4.042886
-1.914490,4.042886
-1.914490,4.042886
-1.914490,4.042886
-1.919119,4.045977
-1.919119,4.045977
-1.919119,4.045977
-1.919119,4.045977
-1.927814,4.051773
-1.927814,4.051773
-1.927814,4.051773
-1.927814,4.051773
-1.927814,4.051773
-1.932282,4.054752
-1.932282,4.054752
-1.936523,4.057581
-1.936523,4.057581
-1.936523,4.057581
-1.936523,4.057581
-1.940675,4.060346
-1.940675,4.060346
-1.940675,4.060346
-1.940675,4.060346
-1.944874,4.063144
-1.944874,4.063144
-1.944874,4.063144
-1.944874,4.063144
-1.944874,4.063144
-1.948869,4.065808
-1.948869,4.065808
-1.948869,4.065808
-1.948869,4.065808
-1.956701,4.071035
-1.956701,4.071035
-1.956701,4.071035
-1.956701,4.071035
-1.960567,4.073618
-1.960567,4.073618
-1.964314,4.076123
-1.964314,4.076123
-1.964314,4.076123
-1.964314,4.076123
-1.968104,4.078657
-1.968104,4.078657
-1.968104,4.078657
-1.968104,4.078657
-1.971723,4.081075
-1.971723,4.081075
-1.971723,4.081075
-1.971723,4.081075
-1.971723,4.081075
-1.975279,4.083451
-1.975279,4.083451
-1.975279,4.083451
-1.975279,4.083451
-1.982372,4.088184
-1.982372,4.088184
-1.982372,4.088184
-1.982372,4.088184
-1.982372,4.088184
-1.985822,4.090485
-1.989258,4.092776
-1.989258,4.092776
-1.989258,4.092776
-1.989258,4.092776
-1.989258,4.092776
-1.992409,4.094877
-1.992409,4.094877
-1.992409,4.094877
-1.992409,4.094877
-1.995591,4.097000
-1.995591,4.097000
-1.995591,4.097000
-1.995591,4.097000
-1.998826,4.099157
-1.998826,4.099157
-1.998826,4.099157
-1.998826,4.099157
-1.998826,4.099157
-2.004761,4.103113
-2.004761,4.103113
-2.004761,4.103113
-2.004761,4.103113
-2.007887,4.105198
-2.007887,4.105198
-2.010839,4.107166
-2.010839,4.107166
-2.010839,4.107166
-2.010839,4.107166
-2.013740,4.109100
-2.013740,4.109100
-2.013740,4.109100
-2.013740,4.109100
-2.016681,4.111060
-2.016681,4.111060
-2.016681,4.111060
-2.016681,4.111060
-2.019487,4.112930
-2.019487,4.112930
-2.019487,4.112930
-2.019487,4.112930
-2.019487,4.112930
-2.024964,4.116581
-2.024964,4.116581
-2.024964,4.116581
-2.024964,4.116581
-2.024964,4.116581
-2.027601,4.118337
-2.027601,4.118337
-2.030198,4.120069
-2.030198,4.120069
-2.030198,4.120069
-2.030198,4.120069
-2.033084,4.121997
-2.033084,4.121997
-2.033084,4.121997
-2.033084,4.121997
-2.033084,4.121997
-2.036370,4.124217
-2.036370,4.124217
-2.036370,4.124217
-2.036370,4.124217
-2.040163,4.126826
-2.040163,4.126826
-2.040163,4.126826
-2.040163,4.126826
-2.048958,4.133011
-2.048958,4.133011
-2.048958,4.133011
-2.048958,4.133011
-2.048958,4.133011
-2.053132,4.135969
-2.057228,4.138872
-2.057228,4.138872
-2.057228,4.138872
-2.057228,4.138872
-2.060996,4.141551
-2.060996,4.141551
-2.060996,4.141551
-2.060996,4.141551
-2.060996,4.141551
-2.064506,4.144036
-2.064506,4.144036
-2.064506,4.144036
-2.064506,4.144036
-2.067796,4.146344
-2.067796,4.146344
-2.067796,4.146344
-2.067796,4.146344
-2.067796,4.146344
-2.073030,4.149926
-2.073030,4.149926
-2.073030,4.149926
-2.073030,4.149926
-2.075033,4.151240
-2.075033,4.151240
-2.076464,4.152142
-2.076464,4.152142
-2.076464,4.152142
-2.076464,4.152142
-2.077350,4.152675
-2.077350,4.152675
-2.077350,4.152675
-2.077350,4.152675
-2.077668,4.152856
-2.077668,4.152856
-2.077668,4.152856
-2.077668,4.152856
-2.077491,4.152765
-2.077491,4.152765
-2.077491,4.152765
-2.077491,4.152765
-2.077491,4.152765
-2.076920,4.152504
-2.076920,4.152504
-2.076920,4.152504
-2.076920,4.152504
-2.076601,4.152378
-2.076601,4.152378
-2.076296,4.152269
-2.076296,4.152269
-2.076296,4.152269
-2.076296,4.152269
-2.075972,4.152166
-2.075972,4.152166
-2.075972,4.152166
-2.075972,4.152166
-2.075972,4.152166
-2.075656,4.152077
-2.075656,4.152077
-2.075656,4.152077
-2.075656,4.152077
-2.075604,4.152056
-2.075604,4.152056
-2.075604,4.152056
-2.075604,4.152056
-2.077521,4.152418
-2.077521,4.152418
-2.077521,4.152418
-2.077521,4.152418
-2.077521,4.152418
-2.079713,4.152742
-2.082532,4.153069
-2.082532,4.153069
-2.082532,4.153069
-2.082532,4.153069
-2.085578,4.153345
-2.085578,4.153345
-2.085578,4.153345
-2.085578,4.153345
-2.085578,4.153345
-2.089265,4.153612
-2.089265,4.153612
-2.089265,4.153612
-2.089265,4.153612
-2.093825,4.153874
-2.093825,4.153874
-2.093825,4.153874
-2.093825,4.153874
-2.093825,4.153874
-2.103638,4.154331
-2.103638,4.154331
-2.103638,4.154331
-2.103638,4.154331
-2.108965,4.154559
-2.108965,4.154559
-2.114265,4.154770
-2.114265,4.154770
-2.114265,4.154770
-2.114265,4.154770
-2.119837,4.155027
-2.119837,4.155027
-2.119837,4.155027
-2.119837,4.155027
-2.126095,4.155360
-2.126095,4.155360
-2.126095,4.155360
-2.126095,4.155360
-2.132784,4.155790
-2.132784,4.155790
-2.132784,4.155790
-2.132784,4.155790
-2.132784,4.155790
-2.147934,4.157123
-2.147934,4.157123
-2.147934,4.157123
-2.147934,4.157123
-2.155759,4.158007
-2.155759,4.158007
-2.163776,4.159044
-2.163776,4.159044
-2.163776,4.159044
-2.163776,4.159044
-2.172466,4.160294
-2.172466,4.160294
-2.172466,4.160294
-2.172466,4.160294
-2.172466,4.160294
-2.181255,4.161658
-2.181255,4.161658
-2.181255,4.161658
-2.181255,4.161658
-2.190019,4.163091
-2.190019,4.163091
-2.190019,4.163091
-2.190019,4.163091
-2.207531,4.165997
-2.207531,4.165997
-2.207531,4.165997
-2.207531,4.165997
-2.207531,4.165997
-2.215948,4.167392
-2.224380,4.168780
-2.224380,4.168780
-2.224380,4.168780
-2.224380,4.168780
-2.232332,4.170076
-2.232332,4.170076
-2.232332,4.170076
-2.232332,4.170076
-2.232332,4.170076
-2.240212,4.171353
-2.240212,4.171353
-2.240212,4.171353
-2.240212,4.171353
-2.248149,4.172640
-2.248149,4.172640
-2.248149,4.172640
-2.248149,4.172640
-2.248149,4.172640
-2.263101,4.175092
-2.263101,4.175092
-2.263101,4.175092
-2.263101,4.175092
-2.270730,4.176359
-2.270730,4.176359
-2.277965,4.177559
-2.277965,4.177559
-2.277965,4.177559
-2.277965,4.177559
-2.284847,4.178694
-2.284847,4.178694
-2.284847,4.178694
-2.284847,4.178694
-2.292002,4.179864
-2.292002,4.179864
-2.292002,4.179864
-2.292002,4.179864
-2.298872,4.180983
-2.298872,4.180983
-2.298872,4.180983
-2.298872,4.180983
-2.298872,4.180983
-2.312337,4.183171
-2.312337,4.183171
-2.312337,4.183171
-2.312337,4.183171
-2.318960,4.184251
-2.318960,4.184251
-2.325449,4.185311
-2.325449,4.185311
-2.325449,4.185311
-2.325449,4.185311
-2.331988,4.186376
-2.331988,4.186376
-2.331988,4.186376
-2.331988,4.186376
-2.331988,4.186376
-2.338225,4.187396
-2.338225,4.187396
-2.338225,4.187396
-2.338225,4.187396
-2.344346,4.188396
-2.344346,4.188396
-2.344346,4.188396
-2.344346,4.188396
-2.356407,4.190369
-2.356407,4.190369
-2.356407,4.190369
-2.356407,4.190369
-2.356407,4.190369
-2.362312,4.191335
-2.368210,4.192299
-2.368210,4.192299
-2.368210,4.192299
-2.368210,4.192299
-2.368210,4.192299
-2.373670,4.193191
-2.373670,4.193191
-2.373670,4.193191
-2.373670,4.193191
-2.379175,4.194090
-2.379175,4.194090
-2.379175,4.194090
-2.379175,4.194090
-2.379175,4.194090
-2.384776,4.195002
-2.384776,4.195002
-2.384776,4.195002
-2.384776,4.195002
-2.395325,4.196720
-2.395325,4.196720
-2.395325,4.196720
-2.395325,4.196720
-2.400770,4.197607
-2.405898,4.198442
-2.405898,4.198442
-2.405898,4.198442
-2.405898,4.198442
-2.405898,4.198442
-2.410788,4.199238
-2.410788,4.199238
-2.410788,4.199238
-2.410788,4.199238
-2.410788,4.199238
-2.415890,4.200069
-2.415890,4.200069
-2.415890,4.200069
-2.415890,4.200069
-2.425461,4.201629
-2.425461,4.201629
-2.425461,4.201629
-2.425461,4.201629
-2.425461,4.201629
-2.430360,4.202428
-2.430360,4.202428
-2.435073,4.203195
-2.435073,4.203195
-2.435073,4.203195
-2.435073,4.203195
-2.439674,4.203948
-2.439674,4.203948
-2.439674,4.203948
-2.439674,4.203948
-2.444299,4.204700
-2.444299,4.204700
-2.444299,4.204700
-2.444299,4.204700
-2.444299,4.204700
-2.448705,4.205420
-2.448705,4.205420
-2.448705,4.205420
-2.448705,4.205420
-2.457481,4.206855
-2.457481,4.206855
-2.457481,4.206855
-2.457481,4.206855
-2.461770,4.207558
-2.461770,4.207558
-2.465930,4.208239
-2.465930,4.208239
-2.465930,4.208239
-2.465930,4.208239
-2.470069,4.208917
-2.470069,4.208917
-2.470069,4.208917
-2.470069,4.208917
-2.474026,4.209564
-2.474026,4.209564
-2.474026,4.209564
-2.474026,4.209564
-2.474026,4.209564
-2.477919,4.210199
-2.477919,4.210199
-2.477919,4.210199
-2.477919,4.210199
-2.485706,4.211465
-2.485706,4.211465
-2.485706,4.211465
-2.485706,4.211465
-2.485706,4.211465
-2.489489,4.212080
-2.493267,4.212693
-2.493267,4.212693
-2.493267,4.212693
-2.493267,4.212693
-2.496761,4.213261
-2.496761,4.213261
-2.496761,4.213261
-2.496761,4.213261
-2.496761,4.213261
-2.500306,4.213838
-2.500306,4.213838
-2.500306,4.213838
-2.500306,4.213838
-2.503910,4.214425
-2.503910,4.214425
-2.503910,4.214425
-2.503910,4.214425
-2.510523,4.215501
-2.510523,4.215501
-2.510523,4.215501
-2.510523,4.215501
-2.510523,4.215501
-2.514013,4.216069
-2.514013,4.216069
-2.517310,4.216606
-2.517310,4.216606
-2.517310,4.216606
-2.517310,4.216606
-2.520551,4.217134
-2.520551,4.217134
-2.520551,4.217134
-2.520551,4.217134
-2.523835,4.217669
-2.523835,4.217669
-2.523835,4.217669
-2.523835,4.217669
-2.523835,4.217669
-2.526972,4.218181
-2.526972,4.218181
-2.526972,4.218181
-2.526972,4.218181
-2.533119,4.219185
-2.533119,4.219185
-2.533119,4.219185
-2.533119,4.219185
-2.533119,4.219185
-2.536162,4.219680
-2.536162,4.219680
-2.539333,4.220204
-2.539333,4.220204
-2.539333,4.220204
-2.539333,4.220204
-2.542894,4.220805
-2.542894,4.220805
-2.542894,4.220805
-2.542894,4.220805
-2.542894,4.220805
-2.546570,4.221420
-2.546570,4.221420
-2.546570,4.221420
-2.546570,4.221420
-2.550450,4.222094
-2.550450,4.222094
-2.550450,4.222094
-2.550450,4.222094
-2.550450,4.222094
-2.558028,4.223454
-2.558028,4.223454
-2.558028,4.223454
-2.558028,4.223454
-2.561155,4.224055
-2.563983,4.224637
-2.563983,4.224637
-2.563983,4.224637
-2.563983,4.224637
-2.563983,4.224637
-2.566428,4.225179
-2.566428,4.225179
-2.566428,4.225179
-2.566428,4.225179
-2.568665,4.225711
-2.568665,4.225711
-2.568665,4.225711
-2.568665,4.225711
-2.570849,4.226274
-2.570849,4.226274
-2.570849,4.226274
-2.570849,4.226274
-2.570849,4.226274
-2.574988,4.227467
-2.574988,4.227467
-2.574988,4.227467
-2.574988,4.227467
-2.576985,4.228106
-2.578732,4.228705
-2.578732,4.228705
-2.578732,4.228705
-2.578732,4.228705
-2.578732,4.228705
-2.580222,4.229252
-2.580222,4.229252
-2.580222,4.229252
-2.580222,4.229252
-2.580222,4.229252
-2.581421,4.229726
-2.581421,4.229726
-2.581421,4.229726
-2.581421,4.229726
-2.582582,4.230232
-2.582582,4.230232
-2.582582,4.230232
-2.582582,4.230232
-2.582582,4.230232
-2.582875,4.230377
-2.582875,4.230377
-2.583151,4.230525
-2.583151,4.230525
-2.583151,4.230525
-2.583151,4.230525
-2.583418,4.230675
-2.583418,4.230675
-2.583418,4.230675
-2.583418,4.230675
-2.583677,4.230835
-2.583677,4.230835
-2.583677,4.230835
-2.583677,4.230835
-2.583677,4.230835
-2.583905,4.230983
-2.583905,4.230983
-2.583905,4.230983
-2.583905,4.230983
-2.584249,4.231236
-2.584249,4.231236
-2.584249,4.231236
-2.584249,4.231236
-2.584643,4.231564
-2.584643,4.231564
-2.585503,4.232335
-2.585503,4.232335
-2.585503,4.232335
-2.585503,4.232335
-2.586945,4.233700
-2.586945,4.233700
-2.586945,4.233700
-2.586945,4.233700
-2.588931,4.235674
-2.588931,4.235674
-2.588931,4.235674
-2.588931,4.235674
-2.588931,4.235674
-2.591510,4.238358
-2.591510,4.238358
-2.591510,4.238358
-2.591510,4.238358
-2.598475,4.246111
-2.598475,4.246111
-2.598475,4.246111
-2.598475,4.246111
-2.598475,4.246111
-2.602544,4.250939
-2.606926,4.256363
-2.606926,4.256363
-2.606926,4.256363
-2.606926,4.256363
-2.606926,4.256363
-2.611155,4.261765
-2.611155,4.261765
-2.611155,4.261765
-2.611155,4.261765
-2.615259,4.267263
-2.615259,4.267263
-2.615259,4.267263
-2.615259,4.267263
-2.619399,4.273049
-2.619399,4.273049
-2.619399,4.273049
-2.619399,4.273049
-2.619399,4.273049
-2.627893,4.285196
-2.627893,4.285196
-2.627893,4.285196
-2.627893,4.285196
-2.632491,4.291725
-2.632491,4.291725
-2.636979,4.297934
-2.636979,4.297934
-2.636979,4.297934
-2.636979,4.297934
-2.641354,4.303756
-2.641354,4.303756
-2.641354,4.303756
-2.641354,4.303756
-2.646035,4.309708
-2.646035,4.309708
-2.646035,4.309708
-2.646035,4.309708
-2.646035,4.309708
-2.651044,4.315845
-2.651044,4.315845
-2.651044,4.315845
-2.651044,4.315845
-2.663014,4.329829
-2.663014,4.329829
-2.663014,4.329829
-2.663014,4.329829
-2.669734,4.337304
-2.669734,4.337304
-2.676902,4.344932
-2.676902,4.344932
-2.676902,4.344932
-2.676902,4.344932
-2.684561,4.352712
-2.684561,4.352712
-2.684561,4.352712
-2.684561,4.352712
-2.692024,4.360122
-2.692024,4.360122
-2.692024,4.360122
-2.692024,4.360122
-2.692024,4.360122
-2.699586,4.367306
-2.699586,4.367306
-2.699586,4.367306
-2.699586,4.367306
-2.715309,4.381147
-2.715309,4.381147
-2.715309,4.381147
-2.715309,4.381147
-2.715309,4.381147
-2.723308,4.388098
-2.731729,4.395501
-2.731729,4.395501
-2.731729,4.395501
-2.731729,4.395501
-2.739624,4.402617
-2.739624,4.402617
-2.739624,4.402617
-2.739624,4.402617
-2.739624,4.402617
-2.747250,4.409684
-2.747250,4.409684
-2.747250,4.409684
-2.747250,4.409684
-2.754965,4.417014
-2.754965,4.417014
-2.754965,4.417014
-2.754965,4.417014
-2.754965,4.417014
-2.769631,4.431382
-2.769631,4.431382
-2.769631,4.431382
-2.769631,4.431382
-2.776843,4.438589
-2.776843,4.438589
-2.783629,4.445372
-2.783629,4.445372
-2.783629,4.445372
-2.783629,4.445372
-2.790220,4.451861
-2.790220,4.451861
-2.790220,4.451861
-2.790220,4.451861
-2.796954,4.458367
-2.796954,4.458367
-2.796954,4.458367
-2.796954,4.458367
-2.796954,4.458367
-2.803642,4.464735
-2.803642,4.464735
-2.803642,4.464735
-2.803642,4.464735
-2.816861,4.477202
-2.816861,4.477202
-2.816861,4.477202
-2.816861,4.477202
-2.823266,4.483216
-2.823266,4.483216
-2.829519,4.489094
-2.829519,4.489094
-2.829519,4.489094
-2.829519,4.489094
-2.835784,4.495003
-2.835784,4.495003
-2.835784,4.495003
-2.835784,4.495003
-2.841766,4.500674
-2.841766,4.500674
-2.841766,4.500674
-2.841766,4.500674
-2.841766,4.500674
-2.847572,4.506187
-2.847572,4.506187
-2.847572,4.506187
-2.847572,4.506187
-2.859123,4.517179
-2.859123,4.517179
-2.859123,4.517179
-2.859123,4.517179
-2.859123,4.517179
-2.864729,4.522515
-2.870335,4.527846
-2.870335,4.527846
-2.870335,4.527846
-2.870335,4.527846
-2.876107,4.533331
-2.876107,4.533331
-2.876107,4.533331
-2.876107,4.533331
-2.876107,4.533331
-2.881979,4.538898
-2.881979,4.538898
-2.881979,4.538898
-2.881979,4.538898
-2.887618,4.544208
-2.887618,4.544208
-2.887618,4.544208
-2.887618,4.544208
-2.887618,4.544208
-2.897620,4.553648
-2.897620,4.553648
-2.897620,4.553648
-2.897620,4.553648
-2.902698,4.558497
-2.902698,4.558497
-2.907671,4.563267
-2.907671,4.563267
-2.907671,4.563267
-2.907671,4.563267
-2.912595,4.568000
-2.912595,4.568000
-2.912595,4.568000
-2.912595,4.568000
-2.917581,4.572785
-2.917581,4.572785
-2.917581,4.572785
-2.917581,4.572785
-2.922208,4.577217
-2.922208,4.577217
-2.922208,4.577217
-2.922208,4.577217
-2.922208,4.577217
-2.931102,4.585696
-2.931102,4.585696
-2.931102,4.585696
-2.931102,4.585696
-2.935461,4.589840
-2.935461,4.589840
-2.939750,4.593909
-2.939750,4.593909
-2.939750,4.593909
-2.939750,4.593909
-2.944091,4.598025
-2.944091,4.598025
-2.944091,4.598025
-2.944091,4.598025
-2.948241,4.601960
-2.948241,4.601960
-2.948241,4.601960
-2.948241,4.601960
-2.948241,4.601960
-2.952323,4.605833
-2.952323,4.605833
-2.952323,4.605833
-2.952323,4.605833
-2.960480,4.613576
-2.960480,4.613576
-2.960480,4.613576
-2.960480,4.613576
-2.964438,4.617335
-2.964438,4.617335
-2.968390,4.621091
-2.968390,4.621091
-2.968390,4.621091
-2.968390,4.621091
-2.972156,4.624668
-2.972156,4.624668
-2.972156,4.624668
-2.972156,4.624668
-2.972156,4.624668
-2.975856,4.628184
-2.975856,4.628184
-2.975856,4.628184
-2.975856,4.628184
-2.979602,4.631743
-2.979602,4.631743
-2.979602,4.631743
-2.979602,4.631743
-2.979602,4.631743
-2.986536,4.638340
-2.986536,4.638340
-2.986536,4.638340
-2.986536,4.638340
-2.990012,4.641650
-2.990012,4.641650
-2.993352,4.644819
-2.993352,4.644819
-2.993352,4.644819
-2.993352,4.644819
-2.996650,4.647951
-2.996650,4.647951
-2.996650,4.647951
-2.996650,4.647951
-2.999984,4.651119
-2.999984,4.651119
-2.999984,4.651119
-2.999984,4.651119
-3.003167,4.654142
-3.003167,4.654142
-3.003167,4.654142
-3.003167,4.654142
-3.003167,4.654142
-3.009276,4.659943
-3.009276,4.659943
-3.009276,4.659943
-3.009276,4.659943
-3.012349,4.662862
-3.012349,4.662862
-3.015340,4.665702
-3.015340,4.665702
-3.015340,4.665702
-3.015340,4.665702
-3.018370,4.668579
-3.018370,4.668579
-3.018370,4.668579
-3.018370,4.668579
-3.021266,4.671328
-3.021266,4.671328
-3.021266,4.671328
-3.021266,4.671328
-3.021266,4.671328
-3.024115,4.674033
-3.024115,4.674033
-3.024115,4.674033
-3.024115,4.674033
-3.029812,4.679440
-3.029812,4.679440
-3.029812,4.679440
-3.029812,4.679440
-3.032577,4.682064
-3.032577,4.682064
-3.035335,4.684682
-3.035335,4.684682
-3.035335,4.684682
-3.035335,4.684682
-3.037967,4.687181
-3.037967,4.687181
-3.037967,4.687181
-3.037967,4.687181
-3.037967,4.687181
-3.040556,4.689639
-3.040556,4.689639
-3.040556,4.689639
-3.040556,4.689639
-3.043182,4.692132
-3.043182,4.692132
-3.043182,4.692132
-3.043182,4.692132
-3.043182,4.692132
-3.047994,4.696703
-3.047994,4.696703
-3.047994,4.696703
-3.047994,4.696703
-3.050528,4.699109
-3.050528,4.699109
-3.052915,4.701377
-3.052915,4.701377
-3.052915,4.701377
-3.052915,4.701377
-3.055254,4.703601
-3.055254,4.703601
-3.055254,4.703601
-3.055254,4.703601
-3.055254,4.703601
-3.057621,4.705851
-3.057621,4.705851
-3.057621,4.705851
-3.057621,4.705851
-3.059922,4.708061
-3.059922,4.708061
-3.059922,4.708061
-3.059922,4.708061
-3.059922,4.708061
-3.064824,4.712681
-3.064824,4.712681
-3.064824,4.712681
-3.064824,4.712681
-3.067524,4.715244
-3.067524,4.715244
-3.070351,4.717955
-3.070351,4.717955
-3.070351,4.717955
-3.070351,4.717955
-3.073131,4.720643
-3.073131,4.720643
-3.073131,4.720643
-3.073131,4.720643
-3.073131,4.720643
-3.075723,4.723185
-3.075723,4.723185
-3.075723,4.723185
-3.075723,4.723185
-3.078259,4.725712
-3.078259,4.725712
-3.078259,4.725712
-3.078259,4.725712
-3.083087,4.730655
-3.083087,4.730655
-3.083087,4.730655
-3.083087,4.730655
-3.083087,4.730655
-3.085196,4.732885
-3.087110,4.734963
-3.087110,4.734963
-3.087110,4.734963
-3.087110,4.734963
-3.088671,4.736715
-3.088671,4.736715
-3.088671,4.736715
-3.088671,4.736715
-3.088671,4.736715
-3.089904,4.738153
-3.089904,4.738153
-3.089904,4.738153
-3.089904,4.738153
-3.090828,4.739280
-3.090828,4.739280
-3.090828,4.739280
-3.090828,4.739280
-3.090828,4.739280
-3.091616,4.740308
-3.091616,4.740308
-3.091616,4.740308
-3.091616,4.740308
-3.091800,4.740569
-3.091800,4.740569
-3.091968,4.740823
-3.091968,4.740823
-3.091968,4.740823
-3.091968,4.740823
-3.092122,4.741077
-3.092122,4.741077
-3.092122,4.741077
-3.092122,4.741077
-3.092267,4.741333
-3.092267,4.741333
-3.092267,4.741333
-3.092267,4.741333
-3.092383,4.741558
-3.092383,4.741558
-3.092383,4.741558
-3.092383,4.741558
-3.092383,4.741558
-3.093017,4.743001
-3.093017,4.743001
-3.093017,4.743001
-3.093017,4.743001
-3.093654,4.744621
-3.093654,4.744621
-3.094530,4.747007
-3.094530,4.747007
-3.094530,4.747007
-3.094530,4.747007
-3.095689,4.750369
-3.095689,4.750369
-3.095689,4.750369
-3.095689,4.750369
-3.095689,4.750369
-3.097041,4.754553
-3.097041,4.754553
-3.097041,4.754553
-3.097041,4.754553
-3.098583,4.759643
-3.098583,4.759643
-3.098583,4.759643
-3.098583,4.759643
-3.101948,4.771899
-3.101948,4.771899
-3.101948,4.771899
-3.101948,4.771899
-3.101948,4.771899
-3.103547,4.778211
-3.105081,4.784524
-3.105081,4.784524
-3.105081,4.784524
-3.105081,4.784524
-3.106534,4.790625
-3.106534,4.790625
-3.106534,4.790625
-3.106534,4.790625
-3.106534,4.790625
-3.107993,4.796910
-3.107993,4.796910
-3.107993,4.796910
-3.107993,4.796910
-3.109587,4.803720
-3.109587,4.803720
-3.109587,4.803720
-3.109587,4.803720
-3.109587,4.803720
-3.113191,4.818015
-3.113191,4.818015
-3.113191,4.818015
-3.113191,4.818015
-3.115405,4.825904
-3.115405,4.825904
-3.117712,4.833437
-3.117712,4.833437
-3.117712,4.833437
-3.117712,4.833437
-3.120203,4.840980
-3.120203,4.840980
-3.120203,4.840980
-3.120203,4.840980
-3.123028,4.849011
-3.123028,4.849011
-3.123028,4.849011
-3.123028,4.849011
-3.125941,4.856978
-3.125941,4.856978
-3.125941,4.856978
-3.125941,4.856978
-3.125941,4.856978
-3.131893,4.873113
-3.131893,4.873113
-3.131893,4.873113
-3.131893,4.873113
-3.134517,4.880497
-3.134517,4.880497
-3.136789,4.887134
-3.136789,4.887134
-3.136789,4.887134
-3.136789,4.887134
-3.138964,4.893734
-3.138964,4.893734
-3.138964,4.893734
-3.138964,4.893734
-3.141007,4.900086
-3.141007,4.900086
-3.141007,4.900086
-3.141007,4.900086
-3.141007,4.900086
-3.143015,4.906403
-3.143015,4.906403
-3.143015,4.906403
-3.143015,4.906403
-3.147023,4.919053
-3.147023,4.919053
-3.147023,4.919053
-3.147023,4.919053
-3.147023,4.919053
-3.148908,4.924978
-3.150784,4.930818
-3.150784,4.930818
-3.150784,4.930818
-3.150784,4.930818
-3.152601,4.936411
-3.152601,4.936411
-3.152601,4.936411
-3.152601,4.936411
-3.152601,4.936411
-3.154385,4.941876
-3.154385,4.941876
-3.154385,4.941876
-3.154385,4.941876
-3.156207,4.947456
-3.156207,4.947456
-3.156207,4.947456
-3.156207,4.947456
-3.156207,4.947456
-3.159584,4.957780
-3.159584,4.957780
-3.159584,4.957780
-3.159584,4.957780
-3.161311,4.963085
-3.161311,4.963085
-3.162950,4.968129
-3.162950,4.968129
-3.162950,4.968129
-3.162950,4.968129
-3.164559,4.973086
-3.164559,4.973086
-3.164559,4.973086
-3.164559,4.973086
-3.166191,4.978114
-3.166191,4.978114
-3.166191,4.978114
-3.166191,4.978114
-3.166191,4.978114
-3.167752,4.982921
-3.167752,4.982921
-3.167752,4.982921
-3.167752,4.982921
-3.170872,4.992530
-3.170872,4.992530
-3.170872,4.992530
-3.170872,4.992530
-3.172387,4.997192
-3.172387,4.997192
-3.173856,5.001715
-3.173856,5.001715
-3.173856,5.001715
-3.173856,5.001715
-3.175340,5.006278
-3.175340,5.006278
-3.175340,5.006278
-3.175340,5.006278
-3.176758,5.010631
-3.176758,5.010631
-3.176758,5.010631
-3.176758,5.010631
-3.176758,5.010631
-3.178144,5.014890
-3.178144,5.014890
-3.178144,5.014890
-3.178144,5.014890
-3.180919,5.023405
-3.180919,5.023405
-3.180919,5.023405
-3.180919,5.023405
-3.180919,5.023405
-3.182266,5.027536
-3.183613,5.031666
-3.183613,5.031666
-3.183613,5.031666
-3.183613,5.031666
-3.184867,5.035512
-3.184867,5.035512
-3.184867,5.035512
-3.184867,5.035512
-3.184867,5.035512
-3.186119,5.039347
-3.186119,5.039347
-3.186119,5.039347
-3.186119,5.039347
-3.187412,5.043305
-3.187412,5.043305
-3.187412,5.043305
-3.187412,5.043305
-3.189796,5.050600
-3.189796,5.050600
-3.189796,5.050600
-3.189796,5.050600
-3.189796,5.050600
-3.191011,5.054322
-3.191011,5.054322
-3.192173,5.057884
-3.192173,5.057884
-3.192173,5.057884
-3.192173,5.057884
-3.193309,5.061377
-3.193309,5.061377
-3.193309,5.061377
-3.193309,5.061377
-3.194459,5.064919
-3.194459,5.064919
-3.194459,5.064919
-3.194459,5.064919
-3.194459,5.064919
-3.195558,5.068306
-3.195558,5.068306
-3.195558,5.068306
-3.195558,5.068306
-3.197757,5.075076
-3.197757,5.075076
-3.197757,5.075076
-3.197757,5.075076
-3.198824,5.078365
-3.198824,5.078365
-3.199859,5.081551
-3.199859,5.081551
-3.199859,5.081551
-3.199859,5.081551
-3.200907,5.084780
-3.200907,5.084780
-3.200907,5.084780
-3.200907,5.084780
-3.201909,5.087865
-3.201909,5.087865
-3.201909,5.087865
-3.201909,5.087865
-3.201909,5.087865
-3.202895,5.090900
-3.202895,5.090900
-3.202895,5.090900
-3.202895,5.090900
-3.204865,5.096963
-3.204865,5.096963
-3.204865,5.096963
-3.204865,5.096963
-3.204865,5.096963
-3.205819,5.099902
-3.206770,5.102831
-3.206770,5.102831
-3.206770,5.102831
-3.206770,5.102831
-3.206770,5.102831
-3.207657,5.105553
-3.207657,5.105553
-3.207657,5.105553
-3.207657,5.105553
-3.207657,5.105553
-3.208597,5.108427
-3.208597,5.108427
-3.208597,5.108427
-3.208597,5.108427
-3.209729,5.111816
-3.209729,5.111816
-3.209729,5.111816
-3.209729,5.111816
-3.212383,5.119463
-3.212383,5.119463
-3.212383,5.119463
-3.212383,5.119463
-3.212383,5.119463
-3.213880,5.123723
-3.213880,5.123723
-3.215479,5.128349
-3.215479,5.128349
-3.215479,5.128349
-3.215479,5.128349
-3.217204,5.133515
-3.217204,5.133515
-3.217204,5.133515
-3.217204,5.133515
-3.219039,5.139282
-3.219039,5.139282
-3.219039,5.139282
-3.219039,5.139282
-3.219039,5.139282
-3.220779,5.145126
-3.220779,5.145126
-3.220779,5.145126
-3.220779,5.145126
-3.224093,5.157433
-3.224093,5.157433
-3.224093,5.157433
-3.224093,5.157433
-3.225657,5.164021
-3.225657,5.164021
-3.227209,5.171156
-3.227209,5.171156
-3.227209,5.171156
-3.227209,5.171156
-3.228710,5.178678
-3.228710,5.178678
-3.228710,5.178678
-3.228710,5.178678
-3.230102,5.186015
-3.230102,5.186015
-3.230102,5.186015
-3.230102,5.186015
-3.230102,5.186015
-3.231504,5.193433
-3.231504,5.193433
-3.231504,5.193433
-3.231504,5.193433
-3.234530,5.208278
-3.234530,5.208278
-3.234530,5.208278
-3.234530,5.208278
-3.234530,5.208278
-3.236131,5.215393
-3.237865,5.222701
-3.237865,5.222701
-3.237865,5.222701
-3.237865,5.222701
-3.237865,5.222701
-3.239610,5.229839
-3.239610,5.229839
-3.239610,5.229839
-3.239610,5.229839
-3.241354,5.236902
-3.241354,5.236902
-3.241354,5.236902
-3.241354,5.236902
-3.243146,5.244077
-3.243146,5.244077
-3.243146,5.244077
-3.243146,5.244077
-3.243146,5.244077
-3.246593,5.258027
-3.246593,5.258027
-3.246593,5.258027
-3.246593,5.258027
-3.248303,5.265048
-3.248303,5.265048
-3.249833,5.271466
-3.249833,5.271466
-3.249833,5.271466
-3.249833,5.271466
-3.251243,5.277527
-3.251243,5.277527
-3.251243,5.277527
-3.251243,5.277527
-3.252639,5.283661
-3.252639,5.283661
-3.252639,5.283661
-3.252639,5.283661
-3.252639,5.283661
-3.253954,5.289512
-3.253954,5.289512
-3.253954,5.289512
-3.253954,5.289512
-3.256790,5.302222
-3.256790,5.302222
-3.256790,5.302222
-3.256790,5.302222
-3.258085,5.307986
-3.258085,5.307986
-3.259320,5.313465
-3.259320,5.313465
-3.259320,5.313465
-3.259320,5.313465
-3.260572,5.319005
-3.260572,5.319005
-3.260572,5.319005
-3.260572,5.319005
-3.261767,5.324297
-3.261767,5.324297
-3.261767,5.324297
-3.261767,5.324297
-3.261767,5.324297
-3.262939,5.329499
-3.262939,5.329499
-3.262939,5.329499
-3.262939,5.329499
-3.265275,5.339848
-3.265275,5.339848
-3.265275,5.339848
-3.265275,5.339848
-3.265275,5.339848
-3.266410,5.344863
-3.267552,5.349907
-3.267552,5.349907
-3.267552,5.349907
-3.267552,5.349907
-3.267552,5.349907
-3.268635,5.354663
-3.268635,5.354663
-3.268635,5.354663
-3.268635,5.354663
-3.269713,5.359392
-3.269713,5.359392
-3.269713,5.359392
-3.269713,5.359392
-3.270789,5.364110
-3.270789,5.364110
-3.270789,5.364110
-3.270789,5.364110
-3.270789,5.364110
-3.272746,5.372749
-3.272746,5.372749
-3.272746,5.372749
-3.272746,5.372749
-3.273773,5.377305
-3.273773,5.377305
-3.274744,5.381618
-3.274744,5.381618
-3.274744,5.381618
-3.274744,5.381618
-3.275698,5.385856
-3.275698,5.385856
-3.275698,5.385856
-3.275698,5.385856
-3.276666,5.390155
-3.276666,5.390155
-3.276666,5.390155
-3.276666,5.390155
-3.276666,5.390155
-3.277593,5.394266
-3.277593,5.394266
-3.277593,5.394266
-3.277593,5.394266
-3.279416,5.402353
-3.279416,5.402353
-3.279416,5.402353
-3.279416,5.402353
-3.280317,5.406347
-3.280317,5.406347
-3.281189,5.410219
-3.281189,5.410219
-3.281189,5.410219
-3.281189,5.410219
-3.282074,5.414143
-3.282074,5.414143
-3.282074,5.414143
-3.282074,5.414143
-3.282919,5.417893
-3.282919,5.417893
-3.282919,5.417893
-3.282919,5.417893
-3.282919,5.417893
-3.283751,5.421583
-3.283751,5.421583
-3.283751,5.421583
-3.283751,5.421583
-3.285412,5.428949
-3.285412,5.428949
-3.285412,5.428949
-3.285412,5.428949
-3.285412,5.428949
-3.286216,5.432519
-3.287026,5.436098
-3.287026,5.436098
-3.287026,5.436098
-3.287026,5.436098
-3.287026,5.436098
-3.287779,5.439444
-3.287779,5.439444
-3.287779,5.439444
-3.287779,5.439444
-3.288519,5.442724
-3.288519,5.442724
-3.288519,5.442724
-3.288519,5.442724
-3.289277,5.446080
-3.289277,5.446080
-3.289277,5.446080
-3.289277,5.446080
-3.289277,5.446080
-3.290705,5.452389
-3.290705,5.452389
-3.290705,5.452389
-3.290705,5.452389
-3.291449,5.455669
-3.291449,5.455669
-3.292157,5.458793
-3.292157,5.458793
-3.292157,5.458793
-3.292157,5.458793
-3.292847,5.461822
-3.292847,5.461822
-3.292847,5.461822
-3.292847,5.461822
-3.293529,5.464829
-3.293529,5.464829
-3.293529,5.464829
-3.293529,5.464829
-3.294182,5.467710
-3.294182,5.467710
-3.294182,5.467710
-3.294182,5.467710
-3.294182,5.467710
-3.295479,5.473459
-3.295479,5.473459
-3.295479,5.473459
-3.295479,5.473459
-3.296106,5.476247
-3.296106,5.476247
-3.296106,5.476247
-3.296713,5.478947
-3.296713,5.478947
-3.296713,5.478947
-3.296713,5.478947
-3.297433,5.482140
-3.297433,5.482140
-3.297433,5.482140
-3.297433,5.482140
-3.298316,5.486082
-3.298316,5.486082
-3.298316,5.486082
-3.298316,5.486082
-3.298316,5.486082
-3.299390,5.490907
-3.299390,5.490907
-3.299390,5.490907
-3.299390,5.490907
-3.302129,5.503209
-3.302129,5.503209
-3.302129,5.503209
-3.302129,5.503209
-3.302129,5.503209
-3.303715,5.510095
-3.305391,5.517155
-3.305391,5.517155
-3.305391,5.517155
-3.305391,5.517155
-3.307060,5.524075
-3.307060,5.524075
-3.307060,5.524075
-3.307060,5.524075
-3.307060,5.524075
-3.308780,5.531205
-3.308780,5.531205
-3.308780,5.531205
-3.308780,5.531205
-3.310606,5.538970
-3.310606,5.538970
-3.310606,5.538970
-3.310606,5.538970
-3.310606,5.538970
-3.314092,5.555112
-3.314092,5.555112
-3.314092,5.555112
-3.314092,5.555112
-3.315754,5.563590
-3.315754,5.563590
-3.317359,5.572273
-3.317359,5.572273
-3.317359,5.572273
-3.317359,5.572273
-3.318878,5.580962
-3.318878,5.580962
-3.318878,5.580962
-3.318878,5.580962
-3.320377,5.590026
-3.320377,5.590026
-3.320377,5.590026
-3.320377,5.590026
-3.320377,5.590026
-3.321829,5.598999
-3.321829,5.598999
-3.321829,5.598999
-3.321829,5.598999
-3.324731,5.616426
-3.324731,5.616426
-3.324731,5.616426
-3.324731,5.616426
-3.326186,5.624679
-3.326186,5.624679
-3.327680,5.632861
-3.327680,5.632861
-3.327680,5.632861
-3.327680,5.632861
-3.329224,5.641176
-3.329224,5.641176
-3.329224,5.641176
-3.329224,5.641176
-3.330730,5.649212
-3.330730,5.649212
-3.330730,5.649212
-3.330730,5.649212
-3.330730,5.649212
-3.332221,5.657164
-3.332221,5.657164
-3.332221,5.657164
-3.332221,5.657164
-3.335092,5.672613
-3.335092,5.672613
-3.335092,5.672613
-3.335092,5.672613
-3.336436,5.680006
-3.336436,5.680006
-3.337781,5.687511
-3.337781,5.687511
-3.337781,5.687511
-3.337781,5.687511
-3.337781,5.687511
-3.339057,5.694707
-3.339057,5.694707
-3.339057,5.694707
-3.339057,5.694707
-3.340298,5.701742
-3.340298,5.701742
-3.340298,5.701742
-3.340298,5.701742
-3.341531,5.708718
-3.341531,5.708718
-3.341531,5.708718
-3.341531,5.708718
-3.341531,5.708718
-3.343821,5.721515
-3.343821,5.721515
-3.343821,5.721515
-3.343821,5.721515
-3.345026,5.728212
-3.345026,5.728212
-3.346181,5.734595
-3.346181,5.734595
-3.346181,5.734595
-3.346181,5.734595
-3.347314,5.740850
-3.347314,5.740850
-3.347314,5.740850
-3.347314,5.740850
-3.348467,5.747199
-3.348467,5.747199
-3.348467,5.747199
-3.348467,5.747199
-3.349569,5.753277
-3.349569,5.753277
-3.349569,5.753277
-3.349569,5.753277
-3.349569,5.753277
-3.351716,5.765135
-3.351716,5.765135
-3.351716,5.765135
-3.351716,5.765135
-3.352761,5.770929
-3.352761,5.770929
-3.353781,5.776604
-3.353781,5.776604
-3.353781,5.776604
-3.353781,5.776604
-3.354809,5.782335
-3.354809,5.782335
-3.354809,5.782335
-3.354809,5.782335
-3.355788,5.787801
-3.355788,5.787801
-3.355788,5.787801
-3.355788,5.787801
-3.355788,5.787801
-3.356761,5.793193
-3.356761,5.793193
-3.356761,5.793193
-3.356761,5.793193
-3.358689,5.803907
-3.358689,5.803907
-3.358689,5.803907
-3.358689,5.803907
-3.359626,5.809096
-3.359626,5.809096
-3.360563,5.814278
-3.360563,5.814278
-3.360563,5.814278
-3.360563,5.814278
-3.361457,5.819220
-3.361457,5.819220
-3.361457,5.819220
-3.361457,5.819220
-3.361457,5.819220
-3.362338,5.824088
-3.362338,5.824088
-3.362338,5.824088
-3.362338,5.824088
-3.363232,5.829028
-3.363232,5.829028
-3.363232,5.829028
-3.363232,5.829028
-3.363232,5.829028
-3.364873,5.838103
-3.364873,5.838103
-3.364873,5.838103
-3.364873,5.838103
-3.365735,5.842872
-3.365735,5.842872
-3.366551,5.847398
-3.366551,5.847398
-3.366551,5.847398
-3.367354,5.851825
-3.367354,5.851825
-3.367354,5.851825
-3.367354,5.851825
-3.367354,5.851825
-3.368168,5.856333
-3.368168,5.856333
-3.368168,5.856333
-3.368168,5.856333
-3.368168,5.856333
-3.368942,5.860616
-3.368942,5.860616
-3.368942,5.860616
-3.368942,5.860616
-3.370477,5.869138
-3.370477,5.869138
-3.370477,5.869138
-3.370477,5.869138
-3.370477,5.869138
-3.371219,5.873274
-3.371937,5.877281
-3.371937,5.877281
-3.371937,5.877281
-3.371937,5.877281
-3.372644,5.881223
-3.372644,5.881223
-3.372644,5.881223
-3.372644,5.881223
-3.372644,5.881223
-3.373337,5.885080
-3.373337,5.885080
-3.373337,5.885080
-3.373337,5.885080
-3.374019,5.888882
-3.374019,5.888882
-3.374019,5.888882
-3.374019,5.888882
-3.375354,5.896286
-3.375354,5.896286
-3.375354,5.896286
-3.375354,5.896286
-3.375354,5.896286
-3.376000,5.899855
-3.376663,5.903504
-3.376663,5.903504
-3.376663,5.903504
-3.376663,5.903504
-3.377279,5.906900
-3.377279,5.906900
-3.377279,5.906900
-3.377279,5.906900
-3.377279,5.906900
-3.377897,5.910326
-3.377897,5.910326
-3.377897,5.910326
-3.377897,5.910326
-3.378524,5.913808
-3.378524,5.913808
-3.378524,5.913808
-3.378524,5.913808
-3.378524,5.913808
-3.379677,5.920194
-3.379677,5.920194
-3.379677,5.920194
-3.379677,5.920194
-3.380287,5.923563
-3.380287,5.923563
-3.380864,5.926750
-3.380864,5.926750
-3.380864,5.926750
-3.380864,5.926750
-3.381431,5.929885
-3.381431,5.929885
-3.381431,5.929885
-3.381431,5.929885
-3.382006,5.933066
-3.382006,5.933066
-3.382006,5.933066
-3.382006,5.933066
-3.382555,5.936105
-3.382555,5.936105
-3.382555,5.936105
-3.382555,5.936105
-3.382555,5.936105
-3.383626,5.942037
-3.383626,5.942037
-3.383626,5.942037
-3.383626,5.942037
-3.384157,5.944972
-3.384157,5.944972
-3.384670,5.947822
-3.384670,5.947822
-3.384670,5.947822
-3.384670,5.947822
-3.384670,5.947822
-3.385192,5.950710
-3.385192,5.950710
-3.385192,5.950710
-3.385192,5.950710
-3.385192,5.950710
-3.385741,5.953754
-3.385741,5.953754
-3.385741,5.953754
-3.385741,5.953754
-3.386367,5.957320
-3.386367,5.957320
-3.386367,5.957320
-3.386367,5.957320
-3.387837,5.966221
-3.387837,5.966221
-3.387837,5.966221
-3.387837,5.966221
-3.387837,5.966221
-3.388642,5.971330
-3.389581,5.977327
-3.389581,5.977327
-3.389581,5.977327
-3.389581,5.977327
-3.390646,5.984000
-3.390646,5.984000
-3.390646,5.984000
-3.390646,5.984000
-3.390646,5.984000
-3.391878,5.991562
-3.391878,5.991562
-3.391878,5.991562
-3.391878,5.991562
-3.393307,6.000152
-3.393307,6.000152
-3.393307,6.000152
-3.393307,6.000152
-3.393307,6.000152
-3.396327,6.017909
-3.396327,6.017909
-3.396327,6.017909
-3.396327,6.017909
-3.397964,6.027138
-3.397964,6.027138
-3.399581,6.036251
-3.399581,6.036251
-3.399581,6.036251
-3.399581,6.036251
-3.401207,6.045675
-3.401207,6.045675
-3.401207,6.045675
-3.401207,6.045675
-3.402881,6.055966
-3.402881,6.055966
-3.402881,6.055966
-3.402881,6.055966
-3.404453,6.066538
-3.404453,6.066538
-3.404453,6.066538
-3.404453,6.066538
-3.404453,6.066538
-3.407413,6.089629
-3.407413,6.089629
-3.407413,6.089629
-3.407413,6.089629
-3.408765,6.101388
-3.408765,6.101388
-3.410004,6.113425
-3.410004,6.113425
-3.410004,6.113425
-3.410004,6.113425
-3.411139,6.125943
-3.411139,6.125943
-3.411139,6.125943
-3.411139,6.125943
-3.411139,6.125943
-3.412104,6.138039
-3.412104,6.138039
-3.412104,6.138039
-3.412104,6.138039
-3.412923,6.149825
-3.412923,6.149825
-3.412923,6.149825
-3.412923,6.149825
-3.414341,6.173161
-3.414341,6.173161
-3.414341,6.173161
-3.414341,6.173161
-3.414341,6.173161
-3.415049,6.184602
-3.415805,6.196216
-3.415805,6.196216
-3.415805,6.196216
-3.415805,6.196216
-3.416559,6.206896
-3.416559,6.206896
-3.416559,6.206896
-3.416559,6.206896
-3.416559,6.206896
-3.417354,6.217352
-3.417354,6.217352
-3.417354,6.217352
-3.417354,6.217352
-3.418220,6.228061
-3.418220,6.228061
-3.418220,6.228061
-3.418220,6.228061
-3.419979,6.249100
-3.419979,6.249100
-3.419979,6.249100
-3.419979,6.249100
-3.419979,6.249100
-3.420842,6.259480
-3.420842,6.259480
-3.421647,6.269231
-3.421647,6.269231
-3.421647,6.269231
-3.421647,6.269231
-3.422428,6.278757
-3.422428,6.278757
-3.422428,6.278757
-3.422428,6.278757
-3.423225,6.288440
-3.423225,6.288440
-3.423225,6.288440
-3.423225,6.288440
-3.423225,6.288440
-3.423980,6.297639
-3.423980,6.297639
-3.423980,6.297639
-3.423980,6.297639
-3.425498,6.316353
-3.425498,6.316353
-3.425498,6.316353
-3.425498,6.316353
-3.425498,6.316353
-3.426220,6.325273
-3.426927,6.333960
-3.426927,6.333960
-3.426927,6.333960
-3.426927,6.333960
-3.427673,6.343048
-3.427673,6.343048
-3.427673,6.343048
-3.427673,6.343048
-3.427673,6.343048
-3.428356,6.351691
-3.428356,6.351691
-3.428356,6.351691
-3.428356,6.351691
-3.429003,6.359883
-3.429003,6.359883
-3.429003,6.359883
-3.429003,6.359883
-3.430305,6.375922
-3.430305,6.375922
-3.430305,6.375922
-3.430305,6.375922
-3.430305,6.375922
-3.430968,6.383838
-3.431641,6.391768
-3.431641,6.391768
-3.431641,6.391768
-3.431641,6.391768
-3.432260,6.399121
-3.432260,6.399121
-3.432260,6.399121
-3.432260,6.399121
-3.432260,6.399121
-3.432871,6.406493
-3.432871,6.406493
-3.432871,6.406493
-3.432871,6.406493
-3.433491,6.413997
-3.433491,6.413997
-3.433491,6.413997
-3.433491,6.413997
-3.433491,6.413997
-3.434640,6.427810
-3.434640,6.427810
-3.434640,6.427810
-3.434640,6.427810
-3.435244,6.435037
-3.435244,6.435037
-3.435826,6.441988
-3.435826,6.441988
-3.435826,6.441988
-3.435826,6.441988
-3.436405,6.448850
-3.436405,6.448850
-3.436405,6.448850
-3.436405,6.448850
-3.436995,6.455777
-3.436995,6.455777
-3.436995,6.455777
-3.436995,6.455777
-3.436995,6.455777
-3.437547,6.462289
-3.437547,6.462289
-3.437547,6.462289
-3.437547,6.462289
-3.438609,6.475079
-3.438609,6.475079
-3.438609,6.475079
-3.438609,6.475079
-3.438609,6.475079
-3.439120,6.481378
-3.439621,6.487567
-3.439621,6.487567
-3.439621,6.487567
-3.439621,6.487567
-3.440123,6.493791
-3.440123,6.493791
-3.440123,6.493791
-3.440123,6.493791
-3.440123,6.493791
-3.440599,6.499694
-3.440599,6.499694
-3.440599,6.499694
-3.440599,6.499694
-3.441066,6.505451
-3.441066,6.505451
-3.441066,6.505451
-3.441066,6.505451
-3.442002,6.516782
-3.442002,6.516782
-3.442002,6.516782
-3.442002,6.516782
-3.442002,6.516782
-3.442471,6.522378
-3.442943,6.527985
-3.442943,6.527985
-3.442943,6.527985
-3.442943,6.527985
-3.443383,6.533209
-3.443383,6.533209
-3.443383,6.533209
-3.443383,6.533209
-3.443383,6.533209
-3.443820,6.538444
-3.443820,6.538444
-3.443820,6.538444
-3.443820,6.538444
-3.444263,6.543763
-3.444263,6.543763
-3.444263,6.543763
-3.444263,6.543763
-3.445106,6.553848
-3.445106,6.553848
-3.445106,6.553848
-3.445106,6.553848
-3.445106,6.553848
-3.445538,6.558990
-3.445538,6.558990
-3.445942,6.563834
-3.445942,6.563834
-3.445942,6.563834
-3.445942,6.563834
-3.446334,6.568582
-3.446334,6.568582
-3.446334,6.568582
-3.446334,6.568582
-3.446730,6.573396
-3.446730,6.573396
-3.446730,6.573396
-3.446730,6.573396
-3.446730,6.573396
-3.447107,6.577993
-3.447107,6.577993
-3.447107,6.577993
-3.447107,6.577993
-3.447859,6.587164
-3.447859,6.587164
-3.447859,6.587164
-3.447859,6.587164
-3.448226,6.591612
-3.448226,6.591612
-3.448584,6.595943
-3.448584,6.595943
-3.448584,6.595943
-3.448584,6.595943
-3.448942,6.600279
-3.448942,6.600279
-3.448942,6.600279
-3.448942,6.600279
-3.449285,6.604416
-3.449285,6.604416
-3.449285,6.604416
-3.449285,6.604416
-3.449285,6.604416
-3.449623,6.608485
-3.449623,6.608485
-3.449623,6.608485
-3.449623,6.608485
-3.450301,6.616619
-3.450301,6.616619
-3.450301,6.616619
-3.450301,6.616619
-3.450301,6.616619
-3.450631,6.620572
-3.450961,6.624520
-3.450961,6.624520
-3.450961,6.624520
-3.450961,6.624520
-3.450961,6.624520
-3.451267,6.628175
-3.451267,6.628175
-3.451267,6.628175
-3.451267,6.628175
-3.451575,6.631876
-3.451575,6.631876
-3.451575,6.631876
-3.451575,6.631876
-3.451889,6.635639
-3.451889,6.635639
-3.451889,6.635639
-3.451889,6.635639
-3.451889,6.635639
-3.452463,6.642540
-3.452463,6.642540
-3.452463,6.642540
-3.452463,6.642540
-3.452765,6.646168
-3.452765,6.646168
-3.453055,6.649635
-3.453055,6.649635
-3.453055,6.649635
-3.453055,6.649635
-3.453340,6.653036
-3.453340,6.653036
-3.453340,6.653036
-3.453340,6.653036
-3.453628,6.656496
-3.453628,6.656496
-3.453628,6.656496
-3.453628,6.656496
-3.453628,6.656496
-3.453901,6.659746
-3.453901,6.659746
-3.453901,6.659746
-3.453901,6.659746
-3.454437,6.666217
-3.454437,6.666217
-3.454437,6.666217
-3.454437,6.666217
-3.454694,6.669356
-3.454694,6.669356
-3.454694,6.669356
-3.454942,6.672394
-3.454942,6.672394
-3.454942,6.672394
-3.454942,6.672394
-3.455224,6.675831
-3.455224,6.675831
-3.455224,6.675831
-3.455224,6.675831
-3.455555,6.679716
-3.455555,6.679716
-3.455555,6.679716
-3.455555,6.679716
-3.455555,6.679716
-3.455942,6.684061
-3.455942,6.684061
-3.455942,6.684061
-3.455942,6.684061
-3.455942,6.684061
-3.456959,6.694180
-3.456959,6.694180
-3.456959,6.694180
-3.456959,6.694180
-3.457542,6.699732
-3.458154,6.705802
-3.458154,6.705802
-3.458154,6.705802
-3.458154,6.705802
-3.458154,6.705802
-3.458694,6.711869
-3.458694,6.711869
-3.458694,6.711869
-3.458694,6.711869
-3.459120,6.717936
-3.459120,6.717936
-3.459120,6.717936
-3.459120,6.717936
-3.459418,6.724375
-3.459418,6.724375
-3.459418,6.724375
-3.459418,6.724375
-3.459418,6.724375
-3.459647,6.738156
-3.459647,6.738156
-3.459647,6.738156
-3.459647,6.738156
-3.459562,6.746106
-3.459562,6.746106
-3.459299,6.754323
-3.459299,6.754323
-3.459299,6.754323
-3.459299,6.754323
-3.458795,6.763070
-3.458795,6.763070
-3.458795,6.763070
-3.458795,6.763070
-3.458017,6.772069
-3.458017,6.772069
-3.458017,6.772069
-3.458017,6.772069
-3.458017,6.772069
-3.457066,6.780629
-3.457066,6.780629
-3.457066,6.780629
-3.457066,6.780629
-3.454524,6.798173
-3.454524,6.798173
-3.454524,6.798173
-3.454524,6.798173
-3.453052,6.807018
-3.453052,6.807018
-3.451528,6.815947
-3.451528,6.815947
-3.451528,6.815947
-3.451528,6.815947
-3.450005,6.825193
-3.450005,6.825193
-3.450005,6.825193
-3.450005,6.825193
-3.448684,6.834092
-3.448684,6.834092
-3.448684,6.834092
-3.448684,6.834092
-3.448684,6.834092
-3.447595,6.842729
-3.447595,6.842729
-3.447595,6.842729
-3.447595,6.842729
-3.446039,6.859353
-3.446039,6.859353
-3.446039,6.859353
-3.446039,6.859353
-3.446039,6.859353
-3.445531,6.867530
-3.445122,6.876009
-3.445122,6.876009
-3.445122,6.876009
-3.445122,6.876009
-3.445122,6.876009
-3.444772,6.884175
-3.444772,6.884175
-3.444772,6.884175
-3.444772,6.884175
-3.444402,6.892199
-3.444402,6.892199
-3.444402,6.892199
-3.444402,6.892199
-3.443950,6.900076
-3.443950,6.900076
-3.443950,6.900076
-3.443950,6.900076
-3.443950,6.900076
-3.442769,6.915405
-3.442769,6.915405
-3.442769,6.915405
-3.442769,6.915405
-3.442079,6.923291
-3.442079,6.923291
-3.441351,6.930741
-3.441351,6.930741
-3.441351,6.930741
-3.441351,6.930741
-3.440612,6.937844
-3.440612,6.937844
-3.440612,6.937844
-3.440612,6.937844
-3.439882,6.944737
-3.439882,6.944737
-3.439882,6.944737
-3.439882,6.944737
-3.439882,6.944737
-3.439245,6.950941
-3.439245,6.950941
-3.439245,6.950941
-3.439245,6.950941
-3.438105,6.963114
-3.438105,6.963114
-3.438105,6.963114
-3.438105,6.963114
-3.437592,6.969081
-3.437592,6.969081
-3.437078,6.975156
-3.437078,6.975156
-3.437078,6.975156
-3.437078,6.975156
-3.436550,6.981208
-3.436550,6.981208
-3.436550,6.981208
-3.436550,6.981208
-3.436046,6.986782
-3.436046,6.986782
-3.436046,6.986782
-3.436046,6.986782
-3.436046,6.986782
-3.435543,6.992272
-3.435543,6.992272
-3.435543,6.992272
-3.435543,6.992272
-3.434538,7.003212
-3.434538,7.003212
-3.434538,7.003212
-3.434538,7.003212
-3.434538,7.003212
-3.434052,7.008517
-3.433569,7.013869
-3.433569,7.013869
-3.433569,7.013869
-3.433569,7.013869
-3.433569,7.013869
-3.433108,7.018914
-3.433108,7.018914
-3.433108,7.018914
-3.433108,7.018914
-3.432651,7.023888
-3.432651,7.023888
-3.432651,7.023888
-3.432651,7.023888
-3.432194,7.028884
-3.432194,7.028884
-3.432194,7.028884
-3.432194,7.028884
-3.432194,7.028884
-3.431363,7.038071
-3.431363,7.038071
-3.431363,7.038071
-3.431363,7.038071
-3.430928,7.042892
-3.430928,7.042892
-3.430517,7.047464
-3.430517,7.047464
-3.430517,7.047464
-3.430517,7.047464
-3.430115,7.051956
-3.430115,7.051956
-3.430115,7.051956
-3.430115,7.051956
-3.429708,7.056510
-3.429708,7.056510
-3.429708,7.056510
-3.429708,7.056510
-3.429321,7.060853
-3.429321,7.060853
-3.429321,7.060853
-3.429321,7.060853
-3.429321,7.060853
-3.428559,7.069393
-3.428559,7.069393
-3.428559,7.069393
-3.428559,7.069393
-3.428191,7.073516
-3.428191,7.073516
-3.427827,7.077579
-3.427827,7.077579
-3.427827,7.077579
-3.427827,7.077579
-3.427455,7.081693
-3.427455,7.081693
-3.427455,7.081693
-3.427455,7.081693
-3.427099,7.085621
-3.427099,7.085621
-3.427099,7.085621
-3.427099,7.085621
-3.427099,7.085621
-3.426748,7.089488
-3.426748,7.089488
-3.426748,7.089488
-3.426748,7.089488
-3.426048,7.097220
-3.426048,7.097220
-3.426048,7.097220
-3.426048,7.097220
-3.425708,7.100975
-3.425708,7.100975
-3.425368,7.104724
-3.425368,7.104724
-3.425368,7.104724
-3.425368,7.104724
-3.425045,7.108296
-3.425045,7.108296
-3.425045,7.108296
-3.425045,7.108296
-3.425045,7.108296
-3.424727,7.111806
-3.424727,7.111806
-3.424727,7.111806
-3.424727,7.111806
-3.424409,7.115369
-3.424409,7.115369
-3.424409,7.115369
-3.424409,7.115369
-3.424409,7.115369
-3.423807,7.122030
-3.423807,7.122030
-3.423807,7.122030
-3.423807,7.122030
-3.423498,7.125427
-3.423498,7.125427
-3.423207,7.128660
-3.423207,7.128660
-3.423207,7.128660
-3.422931,7.131721
-3.422931,7.131721
-3.422931,7.131721
-3.422931,7.131721
-3.422931,7.131721
-3.422643,7.134918
-3.422643,7.134918
-3.422643,7.134918
-3.422643,7.134918
-3.422643,7.134918
-3.422099,7.140995
-3.422099,7.140995
-3.422099,7.140995
-3.422099,7.140995
-3.421822,7.144103
-3.421822,7.144103
-3.421822,7.144103
-3.421561,7.147031
-3.421561,7.147031
-3.421561,7.147031
-3.421561,7.147031
-3.421304,7.149911
-3.421304,7.149911
-3.421304,7.149911
-3.421304,7.149911
-3.421304,7.149911
-3.421043,7.152831
-3.421043,7.152831
-3.421043,7.152831
-3.421043,7.152831
-3.420757,7.155992
-3.420757,7.155992
-3.420757,7.155992
-3.420757,7.155992
-3.420757,7.155992
-3.419961,7.164262
-3.419961,7.164262
-3.419961,7.164262
-3.419961,7.164262
-3.419419,7.169159
-3.419419,7.169159
-3.418781,7.174305
-3.418781,7.174305
-3.418781,7.174305
-3.418781,7.174305
-3.418065,7.179733
-3.418065,7.179733
-3.418065,7.179733
-3.418065,7.179733
-3.417343,7.185125
-3.417343,7.185125
-3.417343,7.185125
-3.417343,7.185125
-3.417343,7.185125
-3.416601,7.190929
-3.416601,7.190929
-3.416601,7.190929
-3.416601,7.190929
-3.415167,7.204135
-3.415167,7.204135
-3.415167,7.204135
-3.415167,7.204135
-3.415167,7.204135
-3.414566,7.210970
-3.414109,7.218007
-3.414109,7.218007
-3.414109,7.218007
-3.414109,7.218007
-3.413800,7.225079
-3.413800,7.225079
-3.413800,7.225079
-3.413800,7.225079
-3.413800,7.225079
-3.413634,7.232663
-3.413634,7.232663
-3.413634,7.232663
-3.413634,7.232663
-3.413637,7.240773
-3.413637,7.240773
-3.413637,7.240773
-3.413637,7.240773
-3.413637,7.240773
-3.413990,7.256921
-3.413990,7.256921
-3.413990,7.256921
-3.413990,7.256921
-3.414228,7.265575
-3.414228,7.265575
-3.414435,7.274133
-3.414435,7.274133
-3.414435,7.274133
-3.414435,7.274133
-3.414580,7.282451
-3.414580,7.282451
-3.414580,7.282451
-3.414580,7.282451
-3.414670,7.290718
-3.414670,7.290718
-3.414670,7.290718
-3.414670,7.290718
-3.414670,7.290718
-3.414713,7.298560
-3.414713,7.298560
-3.414713,7.298560
-3.414713,7.298560
-3.414722,7.314083
-3.414722,7.314083
-3.414722,7.314083
-3.414722,7.314083
-3.414722,7.314083
-3.414708,7.321645
-3.414696,7.329019
-3.414696,7.329019
-3.414696,7.329019
-3.414696,7.329019
-3.414691,7.336214
-3.414691,7.336214
-3.414691,7.336214
-3.414691,7.336214
-3.414691,7.336214
-3.414703,7.343152
-3.414703,7.343152
-3.414703,7.343152
-3.414703,7.343152
-3.414727,7.350032
-3.414727,7.350032
-3.414727,7.350032
-3.414727,7.350032
-3.414771,7.363623
-3.414771,7.363623
-3.414771,7.363623
-3.414771,7.363623
-3.414771,7.363623
-3.414790,7.370320
-3.414811,7.377016
-3.414811,7.377016
-3.414811,7.377016
-3.414811,7.377016
-3.414824,7.383720
-3.414824,7.383720
-3.414824,7.383720
-3.414824,7.383720
-3.414824,7.383720
-3.414818,7.390419
-3.414818,7.390419
-3.414818,7.390419
-3.414818,7.390419
-3.414808,7.396852
-3.414808,7.396852
-3.414808,7.396852
-3.414808,7.396852
-3.414808,7.396852
-3.414811,7.408726
-3.414811,7.408726
-3.414811,7.408726
-3.414811,7.408726
-3.414830,7.414892
-3.414830,7.414892
-3.414838,7.420802
-3.414838,7.420802
-3.414838,7.420802
-3.414838,7.420802
-3.414851,7.426473
-3.414851,7.426473
-3.414851,7.426473
-3.414851,7.426473
-3.414865,7.432154
-3.414865,7.432154
-3.414865,7.432154
-3.414865,7.432154
-3.414884,7.437584
-3.414884,7.437584
-3.414884,7.437584
-3.414884,7.437584
-3.414884,7.437584
-3.414926,7.448211
-3.414926,7.448211
-3.414926,7.448211
-3.414926,7.448211
-3.414946,7.453467
-3.414946,7.453467
-3.414966,7.458590
-3.414966,7.458590
-3.414966,7.458590
-3.414966,7.458590
-3.414987,7.463779
-3.414987,7.463779
-3.414987,7.463779
-3.414987,7.463779
-3.414987,7.463779
-3.415007,7.468741
-3.415007,7.468741
-3.415007,7.468741
-3.415007,7.468741
-3.415027,7.473627
-3.415027,7.473627
-3.415027,7.473627
-3.415027,7.473627
-3.415066,7.483247
-3.415066,7.483247
-3.415066,7.483247
-3.415066,7.483247
-3.415066,7.483247
-3.415085,7.487992
-3.415102,7.492737
-3.415102,7.492737
-3.415102,7.492737
-3.415102,7.492737
-3.415119,7.497165
-3.415119,7.497165
-3.415119,7.497165
-3.415119,7.497165
-3.415119,7.497165
-3.415138,7.501554
-3.415138,7.501554
-3.415138,7.501554
-3.415138,7.501554
-3.415154,7.506057
-3.415154,7.506057
-3.415154,7.506057
-3.415154,7.506057
-3.415154,7.506057
-3.415183,7.514294
-3.415183,7.514294
-3.415183,7.514294
-3.415183,7.514294
-3.415211,7.518502
-3.415211,7.518502
-3.415228,7.522533
-3.415228,7.522533
-3.415228,7.522533
-3.415228,7.522533
-3.415242,7.526483
-3.415242,7.526483
-3.415242,7.526483
-3.415242,7.526483
-3.415260,7.530509
-3.415260,7.530509
-3.415260,7.530509
-3.415260,7.530509
-3.415260,7.530509
-3.415276,7.534350
-3.415276,7.534350
-3.415276,7.534350
-3.415276,7.534350
-3.415306,7.542022
-3.415306,7.542022
-3.415306,7.542022
-3.415306,7.542022
-3.415306,7.542022
-3.415321,7.545748
-3.415335,7.549357
-3.415335,7.549357
-3.415335,7.549357
-3.415335,7.549357
-3.415350,7.552900
-3.415350,7.552900
-3.415350,7.552900
-3.415350,7.552900
-3.415350,7.552900
-3.415364,7.556393
-3.415364,7.556393
-3.415364,7.556393
-3.415364,7.556393
-3.415391,7.563230
-3.415391,7.563230
-3.415391,7.563230
-3.415391,7.563230
-3.415391,7.563230
-3.415405,7.566623
-3.415405,7.566623
-3.415418,7.569921
-3.415418,7.569921
-3.415418,7.569921
-3.415418,7.569921
-3.415431,7.573265
-3.415431,7.573265
-3.415431,7.573265
-3.415431,7.573265
-3.415431,7.573265
-3.415443,7.576462
-3.415443,7.576462
-3.415443,7.576462
-3.415443,7.576462
-3.415455,7.579609
-3.415455,7.579609
-3.415455,7.579609
-3.415455,7.579609
-3.415479,7.585800
-3.415479,7.585800
-3.415479,7.585800
-3.415479,7.585800
-3.415479,7.585800
-3.415490,7.588856
-3.415501,7.591907
-3.415501,7.591907
-3.415501,7.591907
-3.415501,7.591907
-3.415510,7.594730
